central_id,redcap_repeat_instrument,redcap_repeat_instance,redcap_data_access_group,analysis_local_id,gisaid_authors,assembly_method,ave_depth,missing,pangolin_string,nextclade_string
1070,analysis,1,ritm,COV22-606981GC,"Francisco Gerardo M. Polotan, Gerald Ivan S. Sotelo, Ardiane Ysabelle M. Dolor, Anne Pauline A. Alpino, Jefferson Earl J. Halog, Othoniel Jan T. Onza, Ma. Angelica A. Tujan, Amalea Dulcene D. Nicolasora, Joy Mariette L. Parayray, Criselda T. Bautista, Vina Lea F. Arguelles, Alexander Sadiasa, Catalino S. Demetria, Lei Lanna M. Dancel, Mayan Uy-Lumandas, Timothy John R. Dizon, Kirstyn Brunker, Yao-Tsun Li, Simon Daldry, Joseph Hughes","ncov2019-artic-nf, artic 1.2.1, minimap2 2.17, nanopolish 0.13.2",237.584,99.43,PH-RITM-1070|BA.2|0.0|0.9995849761361278|Omicron (BA.2-like)|0.984600|0.000000|PLEARN-v1.2.127|3.1.20|2022-02-28|v1.2.127|passed_qc|scorpio call: Alt alleles 64; Ref alleles 0; Amb alleles 1; Oth alleles 0,"PH-RITM-1070|21L (Omicron)|0.000000|good|68|53|0|0|53|12|0|129|0|5|C241T,T670G,C2790T,C3037T,G4184A,C4321T,T4779C,C9344T,C9534T,C9866T,C10029T,C10198T,G10447A,C10449A,C12880T,C14408T,C15714T,C17410T,A18163G,C19955T,A20055G,C21618T,G21987A,T22200G,G22578A,C22674T,T22679C,C22686T,A22688G,G22775A,A22786C,G22813T,T22882G,G22992A,C22995A,A23013C,A23040G,A23055G,A23063T,T23075C,A23403G,C23525T,T23599G,C23604A,C23854A,G23948T,A24424T,T24469A,C25000T,C25584T,C25810T,C26060T,C26270T,C26577G,G26709A,C26858T,A27259C,G27382C,A27383T,T27384C,C27807T,A28271T,C28311T,G28881A,G28882A,G28883C,C29420T,A29510C|11288-11296,21633-21641,28362-28370,29734-29759|nan|nan|nan|T4779C,C25810T,C29420T|0|0|3|3|nan|E:T9I,M:Q19E,M:A63T,N:P13L,N:R203K,N:G204R,N:P383S,N:S413R,ORF1a:S135R,ORF1a:T842I,ORF1a:G1307S,ORF1a:I1505T,ORF1a:L3027F,ORF1a:T3090I,ORF1a:L3201F,ORF1a:T3255I,ORF1a:P3395H,ORF1b:P314L,ORF1b:R1315C,ORF1b:I1566V,ORF1b:T2163I,ORF3a:L140F,ORF3a:T223I,ORF6:D61L,ORF9b:P10S,S:T19I,S:A27S,S:G142D,S:V213G,S:G339D,S:S371F,S:S373P,S:S375F,S:T376A,S:D405N,S:R408S,S:K417N,S:N440K,S:S477N,S:T478K,S:E484A,S:Q493R,S:Q498R,S:N501Y,S:Y505H,S:D614G,S:H655Y,S:N679K,S:P681H,S:N764K,S:D796Y,S:Q954H,S:N969K|N:E31-,N:R32-,N:S33-,ORF1a:S3675-,ORF1a:G3676-,ORF1a:F3677-,ORF9b:E27-,ORF9b:N28-,ORF9b:A29-,S:L24-,S:P25-,S:P26-|nan|1-50,8991,9424,27741,29828-29903|nan|Charité_E_F:C26270T,ChinaCDC_N_F:G28881A;G28882A;G28883C,USCDC_N1_P:C28311T|89250|0|29903|3000.000000|0.000000|good|129|10.000000|0.000000|good|0|24.000000|-5.000000|0.000000|good|3.000000|nan|0.000000|good|0|nan|0|nan|0|0.000000|good|nan|0|0.000000|good|nan"
1071,analysis,1,ritm,COV22-606982GC,"Francisco Gerardo M. Polotan, Gerald Ivan S. Sotelo, Ardiane Ysabelle M. Dolor, Anne Pauline A. Alpino, Jefferson Earl J. Halog, Othoniel Jan T. Onza, Ma. Angelica A. Tujan, Amalea Dulcene D. Nicolasora, Joy Mariette L. Parayray, Criselda T. Bautista, Vina Lea F. Arguelles, Alexander Sadiasa, Catalino S. Demetria, Lei Lanna M. Dancel, Mayan Uy-Lumandas, Timothy John R. Dizon, Kirstyn Brunker, Yao-Tsun Li, Simon Daldry, Joseph Hughes","ncov2019-artic-nf, artic 1.2.1, minimap2 2.17, nanopolish 0.13.2",148.796,95.93,PH-RITM-1071|BA.2|0.0|0.9685494223363287|Omicron (BA.2-like)|0.892300|0.000000|PLEARN-v1.2.127|3.1.20|2022-02-28|v1.2.127|passed_qc|scorpio call: Alt alleles 58; Ref alleles 0; Amb alleles 7; Oth alleles 0,"PH-RITM-1071|21L (Omicron)|10.358861|good|62|53|0|0|47|12|0|1169|0|5|C241T,A638G,T670G,C2790T,C3037T,G4184A,C4321T,C9344T,A9424G,C9534T,C9866T,C10029T,C10198T,G10447A,C10449A,C12880T,C14408T,C15714T,C17410T,A18163G,C21618T,G21987A,T22200G,G22775A,A22786C,G22813T,T22882G,G22992A,C22995A,A23013C,A23040G,A23055G,A23063T,T23075C,A23403G,C23525T,T23599G,C23604A,C23854A,G23948T,A24424T,T24469A,C25000T,C25584T,C25810T,C26060T,C26270T,C26577G,G26709A,C26776T,C26858T,A27259C,G27382C,A27383T,T27384C,C27807T,A28271T,C28311T,G28881A,G28882A,G28883C,A29510C|11288-11296,21633-21641,28362-28370,29734-29759|nan|nan|nan|A638G,C25810T,C26776T|0|0|3|3|nan|E:T9I,M:Q19E,M:A63T,M:A85V,N:P13L,N:R203K,N:G204R,N:S413R,ORF1a:K125E,ORF1a:S135R,ORF1a:T842I,ORF1a:G1307S,ORF1a:L3027F,ORF1a:T3090I,ORF1a:L3201F,ORF1a:T3255I,ORF1a:P3395H,ORF1b:P314L,ORF1b:R1315C,ORF1b:I1566V,ORF3a:L140F,ORF3a:T223I,ORF6:D61L,ORF9b:P10S,S:T19I,S:A27S,S:G142D,S:V213G,S:D405N,S:R408S,S:K417N,S:N440K,S:S477N,S:T478K,S:E484A,S:Q493R,S:Q498R,S:N501Y,S:Y505H,S:D614G,S:H655Y,S:N679K,S:P681H,S:N764K,S:D796Y,S:Q954H,S:N969K|N:E31-,N:R32-,N:S33-,ORF1a:S3675-,ORF1a:G3676-,ORF1a:F3677-,ORF9b:E27-,ORF9b:N28-,ORF9b:A29-,S:L24-,S:P25-,S:P26-|nan|1-50,2229-2508,8991,10702,19878-20117,22475-22774,26957-27177,29828-29903|nan|Charité_E_F:C26270T,ChinaCDC_N_F:G28881A;G28882A;G28883C,USCDC_N1_P:C28311T|89274|0|29903|3000.000000|32.185185|mediocre|1169|10.000000|0.000000|good|0|24.000000|-5.000000|0.000000|good|3.000000|nan|0.000000|good|0|nan|0|nan|0|0.000000|good|nan|0|0.000000|good|nan"
1072,analysis,1,ritm,COV22-606983GC,"Francisco Gerardo M. Polotan, Gerald Ivan S. Sotelo, Ardiane Ysabelle M. Dolor, Anne Pauline A. Alpino, Jefferson Earl J. Halog, Othoniel Jan T. Onza, Ma. Angelica A. Tujan, Amalea Dulcene D. Nicolasora, Joy Mariette L. Parayray, Criselda T. Bautista, Vina Lea F. Arguelles, Alexander Sadiasa, Catalino S. Demetria, Lei Lanna M. Dancel, Mayan Uy-Lumandas, Timothy John R. Dizon, Kirstyn Brunker, Yao-Tsun Li, Simon Daldry, Joseph Hughes","ncov2019-artic-nf, artic 1.2.1, minimap2 2.17, nanopolish 0.13.2",159.898,96.6,PH-RITM-1072|BA.2|0.0|0.9762157570609471|Omicron (BA.2-like)|0.923100|0.000000|PLEARN-v1.2.127|3.1.20|2022-02-28|v1.2.127|passed_qc|scorpio call: Alt alleles 60; Ref alleles 0; Amb alleles 5; Oth alleles 0,"PH-RITM-1072|21L (Omicron)|6.102730|good|65|53|0|0|48|12|0|967|0|5|C241T,T670G,C2790T,C3037T,G4184A,C4321T,C6330T,C8991T,C9344T,A9424G,C9534T,C9866T,C10029T,C10198T,G10447A,C10449A,C12880T,C14408T,C15714T,C17410T,A18163G,C19955T,A20055G,C21114T,C21618T,G21987A,T22200G,G22775A,A22786C,G22813T,T22882G,G22992A,C22995A,A23013C,A23040G,A23055G,A23063T,T23075C,A23403G,C23525T,T23599G,C23604A,C23854A,G23948T,A24424T,T24469A,C25000T,C25584T,C25810T,C26060T,C26270T,C26577G,G26709A,C26858T,A27259C,G27382C,A27383T,T27384C,C27807T,A28271T,C28311T,G28881A,G28882A,G28883C,A29510C|11288-11296,21633-21641,28362-28370,29734-29759|nan|nan|nan|C6330T,C8991T,C21114T,C25810T|0|0|4|4|nan|E:T9I,M:Q19E,M:A63T,N:P13L,N:R203K,N:G204R,N:S413R,ORF1a:S135R,ORF1a:T842I,ORF1a:G1307S,ORF1a:S2022L,ORF1a:A2909V,ORF1a:L3027F,ORF1a:T3090I,ORF1a:L3201F,ORF1a:T3255I,ORF1a:P3395H,ORF1b:P314L,ORF1b:R1315C,ORF1b:I1566V,ORF1b:T2163I,ORF3a:L140F,ORF3a:T223I,ORF6:D61L,ORF9b:P10S,S:T19I,S:A27S,S:G142D,S:V213G,S:D405N,S:R408S,S:K417N,S:N440K,S:S477N,S:T478K,S:E484A,S:Q493R,S:Q498R,S:N501Y,S:Y505H,S:D614G,S:H655Y,S:N679K,S:P681H,S:N764K,S:D796Y,S:Q954H,S:N969K|N:E31-,N:R32-,N:S33-,ORF1a:S3675-,ORF1a:G3676-,ORF1a:F3677-,ORF9b:E27-,ORF9b:N28-,ORF9b:A29-,S:L24-,S:P25-,S:P26-|nan|1-50,2229-2508,4388-4648,22475-22774,29828-29903|nan|Charité_E_F:C26270T,ChinaCDC_N_F:G28881A;G28882A;G28883C,USCDC_N1_P:C28311T|89262|0|29903|3000.000000|24.703704|good|967|10.000000|0.000000|good|0|24.000000|-4.000000|0.000000|good|4.000000|nan|0.000000|good|0|nan|0|nan|0|0.000000|good|nan|0|0.000000|good|nan"
1073,analysis,1,ritm,COV22-606984GC,"Francisco Gerardo M. Polotan, Gerald Ivan S. Sotelo, Ardiane Ysabelle M. Dolor, Anne Pauline A. Alpino, Jefferson Earl J. Halog, Othoniel Jan T. Onza, Ma. Angelica A. Tujan, Amalea Dulcene D. Nicolasora, Joy Mariette L. Parayray, Criselda T. Bautista, Vina Lea F. Arguelles, Alexander Sadiasa, Catalino S. Demetria, Lei Lanna M. Dancel, Mayan Uy-Lumandas, Timothy John R. Dizon, Kirstyn Brunker, Yao-Tsun Li, Simon Daldry, Joseph Hughes","ncov2019-artic-nf, artic 1.2.1, minimap2 2.17, nanopolish 0.13.2",122.154,96.71,PH-RITM-1073|BA.2|0.0|0.9764331210191083|Omicron (BA.2-like)|0.969200|0.000000|PLEARN-v1.2.127|3.1.20|2022-02-28|v1.2.127|passed_qc|scorpio call: Alt alleles 63; Ref alleles 0; Amb alleles 2; Oth alleles 0,"PH-RITM-1073|21L (Omicron)|4.456790|good|66|53|0|0|50|12|0|870|0|5|C241T,T670G,C2790T,C3037T,G4184A,C4321T,C9344T,A9424G,C9534T,C9866T,C10029T,C10198T,G10447A,C10449A,C12880T,C14408T,C15714T,C17410T,A18163G,C21618T,G21987A,T22200G,G22578A,C22674T,T22679C,C22686T,A22688G,G22775A,A22786C,G22813T,T22882G,G22992A,C22995A,A23013C,A23040G,A23055G,A23063T,T23075C,T23119C,A23403G,C23525T,T23599G,C23604A,C23854A,G23948T,A24424T,T24469A,C25000T,C25584T,C25810T,C26060T,C26270T,C26577G,G26709A,C26858T,A27259C,G27382C,A27383T,T27384C,C27807T,A28271T,C28311T,G28881A,G28882A,G28883C,A29510C|11288-11296,21633-21641,28362-28370,29734-29759|nan|nan|nan|T23119C,C25810T|0|0|2|2|nan|E:T9I,M:Q19E,M:A63T,N:P13L,N:R203K,N:G204R,N:S413R,ORF1a:S135R,ORF1a:T842I,ORF1a:G1307S,ORF1a:L3027F,ORF1a:T3090I,ORF1a:L3201F,ORF1a:T3255I,ORF1a:P3395H,ORF1b:P314L,ORF1b:R1315C,ORF1b:I1566V,ORF3a:L140F,ORF3a:T223I,ORF6:D61L,ORF9b:P10S,S:T19I,S:A27S,S:G142D,S:V213G,S:G339D,S:S371F,S:S373P,S:S375F,S:T376A,S:D405N,S:R408S,S:K417N,S:N440K,S:S477N,S:T478K,S:E484A,S:Q493R,S:Q498R,S:N501Y,S:Y505H,S:D614G,S:H655Y,S:N679K,S:P681H,S:N764K,S:D796Y,S:Q954H,S:N969K|N:E31-,N:R32-,N:S33-,ORF1a:S3675-,ORF1a:G3676-,ORF1a:F3677-,ORF9b:E27-,ORF9b:N28-,ORF9b:A29-,S:L24-,S:P25-,S:P26-|nan|1-50,2229-2508,8991,16255-16256,19878-20117,26957-27177,29828-29903|nan|Charité_E_F:C26270T,ChinaCDC_N_F:G28881A;G28882A;G28883C,USCDC_N1_P:C28311T|89258|0|29903|3000.000000|21.111111|good|870|10.000000|0.000000|good|0|24.000000|-6.000000|0.000000|good|2.000000|nan|0.000000|good|0|nan|0|nan|0|0.000000|good|nan|0|0.000000|good|nan"
1074,analysis,1,ritm,COV22-606985GC,"Francisco Gerardo M. Polotan, Gerald Ivan S. Sotelo, Ardiane Ysabelle M. Dolor, Anne Pauline A. Alpino, Jefferson Earl J. Halog, Othoniel Jan T. Onza, Ma. Angelica A. Tujan, Amalea Dulcene D. Nicolasora, Joy Mariette L. Parayray, Criselda T. Bautista, Vina Lea F. Arguelles, Alexander Sadiasa, Catalino S. Demetria, Lei Lanna M. Dancel, Mayan Uy-Lumandas, Timothy John R. Dizon, Kirstyn Brunker, Yao-Tsun Li, Simon Daldry, Joseph Hughes","ncov2019-artic-nf, artic 1.2.1, minimap2 2.17, nanopolish 0.13.2",130.216,95.04,PH-RITM-1074|BA.2|0.0|0.9591968911917098|Omicron (BA.2-like)|0.953800|0.000000|PLEARN-v1.2.127|3.1.20|2022-02-28|v1.2.127|passed_qc|scorpio call: Alt alleles 62; Ref alleles 0; Amb alleles 3; Oth alleles 0,"PH-RITM-1074|21L (Omicron)|18.777778|good|68|53|0|0|51|12|0|1470|0|7|C241T,C657T,T670G,C3037T,G4184A,C4321T,C8991T,C9344T,A9424G,C9534T,C9866T,C10029T,C10198T,G10447A,C10449A,C12880T,C14408T,C15714T,C17410T,A18163G,C21618T,G21987A,T22200G,G22578A,C22674T,T22679C,C22686T,A22688G,G22775A,A22786C,G22813T,T22882G,G22992A,C22995A,A23013C,A23040G,A23055G,A23063T,T23075C,A23403G,C23525T,T23599G,C23604A,C23854A,G23948T,A24424T,T24469A,C25000T,C25584T,C25810T,C26060T,C26270T,C26577G,G26709A,C26858T,A27259C,G27382C,A27383T,T27384C,C27804T,C27807T,A28271T,C28311T,G28881A,G28882A,G28883C,G29179T,A29510C|11288-11296,21633-21641,28362-28370,29734-29759|nan|nan|nan|C657T,C8991T,C25810T,C27804T,G29179T|0|0|5|5|nan|E:T9I,M:Q19E,M:A63T,N:P13L,N:R203K,N:G204R,N:S413R,ORF1a:A131V,ORF1a:S135R,ORF1a:G1307S,ORF1a:A2909V,ORF1a:L3027F,ORF1a:T3090I,ORF1a:L3201F,ORF1a:T3255I,ORF1a:P3395H,ORF1b:P314L,ORF1b:R1315C,ORF1b:I1566V,ORF3a:L140F,ORF3a:T223I,ORF6:D61L,ORF9b:P10S,S:T19I,S:A27S,S:G142D,S:V213G,S:G339D,S:S371F,S:S373P,S:S375F,S:T376A,S:D405N,S:R408S,S:K417N,S:N440K,S:S477N,S:T478K,S:E484A,S:Q493R,S:Q498R,S:N501Y,S:Y505H,S:D614G,S:H655Y,S:N679K,S:P681H,S:N764K,S:D796Y,S:Q954H,S:N969K|N:E31-,N:R32-,N:S33-,ORF1a:S3675-,ORF1a:G3676-,ORF1a:F3677-,ORF9b:E27-,ORF9b:N28-,ORF9b:A29-,S:L24-,S:P25-,S:P26-|nan|1-50,2229-2850,4388-4648,19878-20117,26957-27177,29828-29903|nan|Charité_E_F:C26270T,HKU_N_P:G29179T,ChinaCDC_N_F:G28881A;G28882A;G28883C,USCDC_N1_P:C28311T,USCDC_N2_F:G29179T|89250|0|29903|3000.000000|43.333333|mediocre|1470|10.000000|0.000000|good|0|24.000000|-3.000000|0.000000|good|5.000000|nan|0.000000|good|0|nan|0|nan|0|0.000000|good|nan|0|0.000000|good|nan"
1075,analysis,1,ritm,COV22-606986GC,"Francisco Gerardo M. Polotan, Gerald Ivan S. Sotelo, Ardiane Ysabelle M. Dolor, Anne Pauline A. Alpino, Jefferson Earl J. Halog, Othoniel Jan T. Onza, Ma. Angelica A. Tujan, Amalea Dulcene D. Nicolasora, Joy Mariette L. Parayray, Criselda T. Bautista, Vina Lea F. Arguelles, Alexander Sadiasa, Catalino S. Demetria, Lei Lanna M. Dancel, Mayan Uy-Lumandas, Timothy John R. Dizon, Kirstyn Brunker, Yao-Tsun Li, Simon Daldry, Joseph Hughes","ncov2019-artic-nf, artic 1.2.1, minimap2 2.17, nanopolish 0.13.2",132.073,93.83,PH-RITM-1075|BA.2|0.0|0.9585223590408296|Omicron (BA.2-like)|0.830800|0.000000|PLEARN-v1.2.127|3.1.20|2022-02-28|v1.2.127|passed_qc|scorpio call: Alt alleles 54; Ref alleles 0; Amb alleles 11; Oth alleles 0,"PH-RITM-1075|21L (Omicron)|28.168573|good|58|53|0|0|42|12|0|1733|0|6|T670G,C2790T,C3037T,G4184A,C4321T,C8991T,C9344T,A9424G,C9534T,C9866T,C10029T,C10198T,G10447A,C10449A,C11050T,C12880T,C14408T,C15714T,C17410T,A18163G,C21618T,G21987A,T22200G,G22992A,C22995A,A23013C,A23040G,A23055G,A23063T,T23075C,A23403G,C23525T,T23599G,C23604A,C23854A,G23948T,A24424T,T24469A,C25000T,C25584T,C25810T,C26060T,C26270T,C26577G,G26709A,C26858T,A27259C,G27382C,A27383T,T27384C,C27807T,A28271T,C28311T,G28881A,G28882A,G28883C,C29200T,A29510C|11288-11296,21633-21641,28362-28370,29734-29759|nan|nan|nan|C8991T,C11050T,C25810T,C29200T|0|0|4|4|nan|E:T9I,M:Q19E,M:A63T,N:P13L,N:R203K,N:G204R,N:S413R,ORF1a:S135R,ORF1a:T842I,ORF1a:G1307S,ORF1a:A2909V,ORF1a:L3027F,ORF1a:T3090I,ORF1a:L3201F,ORF1a:T3255I,ORF1a:P3395H,ORF1b:P314L,ORF1b:R1315C,ORF1b:I1566V,ORF3a:L140F,ORF3a:T223I,ORF6:D61L,ORF9b:P10S,S:T19I,S:A27S,S:G142D,S:V213G,S:S477N,S:T478K,S:E484A,S:Q493R,S:Q498R,S:N501Y,S:Y505H,S:D614G,S:H655Y,S:N679K,S:P681H,S:N764K,S:D796Y,S:Q954H,S:N969K|N:E31-,N:R32-,N:S33-,ORF1a:S3675-,ORF1a:G3676-,ORF1a:F3677-,ORF9b:E27-,ORF9b:N28-,ORF9b:A29-,S:L24-,S:P25-,S:P26-|nan|1-344,2229-2508,14718-14983,16255-16256,19878-20117,22475-22775,22786,22813,22882,26957-27177,29828-29903|nan|Charité_E_F:C26270T,ChinaCDC_N_F:G28881A;G28882A;G28883C,USCDC_N1_P:C28311T,USCDC_N2_P:C29200T|89290|0|29903|3000.000000|53.074074|mediocre|1733|10.000000|0.000000|good|0|24.000000|-4.000000|0.000000|good|4.000000|nan|0.000000|good|0|nan|0|nan|0|0.000000|good|nan|0|0.000000|good|nan"
1076,analysis,1,ritm,COV22-606987GC,"Francisco Gerardo M. Polotan, Gerald Ivan S. Sotelo, Ardiane Ysabelle M. Dolor, Anne Pauline A. Alpino, Jefferson Earl J. Halog, Othoniel Jan T. Onza, Ma. Angelica A. Tujan, Amalea Dulcene D. Nicolasora, Joy Mariette L. Parayray, Criselda T. Bautista, Vina Lea F. Arguelles, Alexander Sadiasa, Catalino S. Demetria, Lei Lanna M. Dancel, Mayan Uy-Lumandas, Timothy John R. Dizon, Kirstyn Brunker, Yao-Tsun Li, Simon Daldry, Joseph Hughes","ncov2019-artic-nf, artic 1.2.1, minimap2 2.17, nanopolish 0.13.2",157.312,96.81,PH-RITM-1076|BA.2|0.0|0.9790343074968234|Omicron (BA.2-like)|0.892300|0.000000|PLEARN-v1.2.127|3.1.20|2022-02-28|v1.2.127|passed_qc|scorpio call: Alt alleles 58; Ref alleles 0; Amb alleles 7; Oth alleles 0,"PH-RITM-1076|21L (Omicron)|4.775034|good|63|68|0|0|46|17|0|890|0|5|C241T,T670G,C2790T,C3037T,G4184A,C4321T,C4586T,C9344T,A9424G,C9534T,C9866T,C10029T,C10198T,G10447A,C10449A,A10486G,C12880T,C14408T,C15714T,C17410T,A18163G,A18479G,C21618T,G21987A,T22200G,G22775A,A22786C,G22813T,T22882G,G22992A,C22995A,A23013C,A23040G,A23055G,A23063T,T23075C,A23403G,C23525T,T23599G,C23604A,C23854A,G23948T,A24424T,T24469A,C25000T,C25584T,C25810T,C26060T,C26270T,C26577G,G26709A,C26858T,A27259C,G27382C,A27383T,T27384C,C27807T,A28271T,C28311T,G28881A,G28882A,G28883C,A29510C|509-523,11288-11296,21633-21641,28362-28370,29734-29759|nan|nan|nan|C4586T,A10486G,A18479G,C25810T|0|0|4|4|nan|E:T9I,M:Q19E,M:A63T,N:P13L,N:R203K,N:G204R,N:S413R,ORF1a:S135R,ORF1a:T842I,ORF1a:G1307S,ORF1a:L3027F,ORF1a:T3090I,ORF1a:L3201F,ORF1a:T3255I,ORF1a:P3395H,ORF1b:P314L,ORF1b:R1315C,ORF1b:I1566V,ORF1b:K1671R,ORF3a:L140F,ORF3a:T223I,ORF6:D61L,ORF9b:P10S,S:T19I,S:A27S,S:G142D,S:V213G,S:D405N,S:R408S,S:K417N,S:N440K,S:S477N,S:T478K,S:E484A,S:Q493R,S:Q498R,S:N501Y,S:Y505H,S:D614G,S:H655Y,S:N679K,S:P681H,S:N764K,S:D796Y,S:Q954H,S:N969K|N:G30-,N:E31-,N:R32-,ORF1a:G82-,ORF1a:H83-,ORF1a:V84-,ORF1a:M85-,ORF1a:V86-,ORF1a:S3675-,ORF1a:G3676-,ORF1a:F3677-,ORF9b:E27-,ORF9b:N28-,ORF9b:A29-,S:L24-,S:P25-,S:P26-|nan|1-50,8991,19878-20117,22475-22774,26957-27177,28372-28373,29828-29903|nan|Charité_E_F:C26270T,ChinaCDC_N_F:G28881A;G28882A;G28883C,USCDC_N1_P:C28311T|89218|0|29903|3000.000000|21.851852|good|890|10.000000|0.000000|good|0|24.000000|-3.000000|0.000000|good|5.000000|nan|0.000000|good|0|nan|0|nan|0|0.000000|good|nan|0|0.000000|good|nan"
1077,analysis,1,ritm,COV22-606988GC,"Francisco Gerardo M. Polotan, Gerald Ivan S. Sotelo, Ardiane Ysabelle M. Dolor, Anne Pauline A. Alpino, Jefferson Earl J. Halog, Othoniel Jan T. Onza, Ma. Angelica A. Tujan, Amalea Dulcene D. Nicolasora, Joy Mariette L. Parayray, Criselda T. Bautista, Vina Lea F. Arguelles, Alexander Sadiasa, Catalino S. Demetria, Lei Lanna M. Dancel, Mayan Uy-Lumandas, Timothy John R. Dizon, Kirstyn Brunker, Yao-Tsun Li, Simon Daldry, Joseph Hughes","ncov2019-artic-nf, artic 1.2.1, minimap2 2.17, nanopolish 0.13.2",126.209,92.74,PH-RITM-1077|BA.2|0.0|0.9399736147757256|Omicron (BA.2-like)|0.769200|0.000000|PLEARN-v1.2.127|3.1.20|2022-02-28|v1.2.127|passed_qc|scorpio call: Alt alleles 50; Ref alleles 0; Amb alleles 14; Oth alleles 1,"PH-RITM-1077|21L (Omicron)|48.202277|mediocre|57|59|0|0|43|14|0|2161|0|5|C241T,T670G,C3037T,C3177T,G4184A,C4321T,C8991T,C9534T,C9866T,C10029T,C10198T,A10323G,G10447A,C10449A,C12880T,C14408T,C15714T,C17410T,A18163G,A18479G,C21618T,G21987A,T22200G,G22992A,C22995G,A23013C,A23040G,A23055G,A23063T,T23075C,A23403G,C23525T,T23599G,C23604A,C23854A,G23948T,A24424T,T24469A,C25000T,C25584T,C25810T,C26060T,C26270T,C26577G,G26709A,C26858T,A27259C,G27382C,A27383T,T27384C,C27807T,A28271T,C28311T,G28881A,G28882A,G28883C,A29510C|512-517,11288-11296,21633-21641,28362-28370,29734-29759|nan|nan|A10323G|20H|C3177T,C8991T,A18479G,A22995G,C25810T|0|1|5|6|nan|E:T9I,M:Q19E,M:A63T,N:P13L,N:R203K,N:G204R,N:S413R,ORF1a:S135R,ORF1a:P971L,ORF1a:G1307S,ORF1a:A2909V,ORF1a:T3090I,ORF1a:L3201F,ORF1a:T3255I,ORF1a:K3353R,ORF1a:P3395H,ORF1b:P314L,ORF1b:R1315C,ORF1b:I1566V,ORF1b:K1671R,ORF3a:L140F,ORF3a:T223I,ORF6:D61L,ORF9b:P10S,S:T19I,S:A27S,S:G142D,S:V213G,S:S477N,S:T478R,S:E484A,S:Q493R,S:Q498R,S:N501Y,S:Y505H,S:D614G,S:H655Y,S:N679K,S:P681H,S:N764K,S:D796Y,S:Q954H,S:N969K|N:E31-,N:R32-,N:S33-,ORF1a:H83-,ORF1a:V84-,ORF1a:S3675-,ORF1a:G3676-,ORF1a:F3677-,ORF9b:E27-,ORF9b:N28-,ORF9b:A29-,S:L24-,S:P25-,S:P26-|nan|1-50,2229-2850,4388-4648,9307-9497,19878-20117,22475-22974,26957-27177,29828-29903|nan|Charité_E_F:C26270T,ChinaCDC_N_F:G28881A;G28882A;G28883C,USCDC_N1_P:C28311T|89269|0|29903|3000.000000|68.925926|mediocre|2161|10.000000|0.000000|good|0|24.000000|2.000000|8.333333|good|10.000000|nan|0.000000|good|0|nan|0|nan|0|0.000000|good|nan|0|0.000000|good|nan"
1078,analysis,1,ritm,COV22-607036GC,"Francisco Gerardo M. Polotan, Gerald Ivan S. Sotelo, Ardiane Ysabelle M. Dolor, Anne Pauline A. Alpino, Jefferson Earl J. Halog, Othoniel Jan T. Onza, Ma. Angelica A. Tujan, Amalea Dulcene D. Nicolasora, Joy Mariette L. Parayray, Criselda T. Bautista, Vina Lea F. Arguelles, Alexander Sadiasa, Catalino S. Demetria, Lei Lanna M. Dancel, Mayan Uy-Lumandas, Timothy John R. Dizon, Kirstyn Brunker, Yao-Tsun Li, Simon Daldry, Joseph Hughes","ncov2019-artic-nf, artic 1.2.1, minimap2 2.17, nanopolish 0.13.2",78.4443,81.87,PH-RITM-1078|BA.2|0.0|0.7968555028699775|Omicron (BA.2-like)|0.784600|0.000000|PLEARN-v1.2.127|3.1.20|2022-02-28|v1.2.127|passed_qc|scorpio call: Alt alleles 51; Ref alleles 0; Amb alleles 14; Oth alleles 0,"PH-RITM-1078|21L (Omicron)|362.831948|bad|53|53|0|0|39|12|0|5443|0|5|T670G,C3037T,G4184A,C4321T,C9344T,A9424G,C9534T,C9866T,C10029T,C10198T,G10447A,C10449A,C12880T,C14408T,C15714T,C17410T,C21618T,G21987A,T22200G,G22992A,C22995A,A23013C,A23040G,A23055G,C23061G,A23063T,T23075C,A23403G,C23525T,T23599G,C23604A,C23854A,G23948T,A24424T,T24469A,C25000T,C25584T,C25810T,C26060T,C26270T,G26709A,C26858T,A27259C,G27382C,A27383T,T27384C,C27807T,A28271T,C28311T,G28881A,G28882A,G28883C,A29510C|11288-11296,21633-21641,28362-28370,29734-29759|nan|nan|nan|C23061G,C25810T|0|0|2|2|nan|E:T9I,M:A63T,N:P13L,N:R203K,N:G204R,N:S413R,ORF1a:S135R,ORF1a:G1307S,ORF1a:L3027F,ORF1a:T3090I,ORF1a:L3201F,ORF1a:T3255I,ORF1a:P3395H,ORF1b:P314L,ORF1b:R1315C,ORF3a:L140F,ORF3a:T223I,ORF6:D61L,ORF9b:P10S,S:T19I,S:A27S,S:G142D,S:V213G,S:S477N,S:T478K,S:E484A,S:Q493R,S:Q498R,S:T500S,S:N501Y,S:Y505H,S:D614G,S:H655Y,S:N679K,S:P681H,S:N764K,S:D796Y,S:Q954H,S:N969K|N:E31-,N:R32-,N:S33-,ORF1a:S3675-,ORF1a:G3676-,ORF1a:F3677-,ORF9b:E27-,ORF9b:N28-,ORF9b:A29-,S:L24-,S:P25-,S:P26-|nan|1-344,2229-2850,4388-4648,5303-5584,6248-6507,8692-8944,8991,14718-14983,15337-15557,17689-17734,17998-18267,19253-19513,19878-20117,20473-21316,22475-22974,26339-26621,26957-27177,27535-27726,29828-29903|nan|Charité_E_F:C26270T,ChinaCDC_N_F:G28881A;G28882A;G28883C,USCDC_N1_P:C28311T|89310|0|29903|3000.000000|190.481481|bad|5443|10.000000|0.000000|good|0|24.000000|-6.000000|0.000000|good|2.000000|nan|0.000000|good|0|nan|0|nan|0|0.000000|good|nan|0|0.000000|good|nan"
1079,analysis,1,ritm,COV22-607037GC,"Francisco Gerardo M. Polotan, Gerald Ivan S. Sotelo, Ardiane Ysabelle M. Dolor, Anne Pauline A. Alpino, Jefferson Earl J. Halog, Othoniel Jan T. Onza, Ma. Angelica A. Tujan, Amalea Dulcene D. Nicolasora, Joy Mariette L. Parayray, Criselda T. Bautista, Vina Lea F. Arguelles, Alexander Sadiasa, Catalino S. Demetria, Lei Lanna M. Dancel, Mayan Uy-Lumandas, Timothy John R. Dizon, Kirstyn Brunker, Yao-Tsun Li, Simon Daldry, Joseph Hughes","ncov2019-artic-nf, artic 1.2.1, minimap2 2.17, nanopolish 0.13.2",0.175434,0,PH-RITM-1079|None|nan|nan|nan|nan|nan|PANGO-v1.2.127|3.1.20|2022-02-28|v1.2.127|fail|N_content:1.0,PH-RITM-1079|nan|nan|nan|nan|nan|nan|nan|nan|nan|nan|nan|nan|nan|nan|nan|nan|nan|nan|nan|nan|nan|nan|nan|nan|nan|nan|nan|nan|nan|nan|nan|nan|nan|nan|nan|nan|nan|nan|nan|nan|nan|nan|nan|nan|nan|nan|nan|nan|nan|nan|nan|nan|nan|nan|nan|nan|nan|nan|nan|nan|Unable to align: no seed matches
1080,analysis,1,ritm,COV22-607038GC,"Francisco Gerardo M. Polotan, Gerald Ivan S. Sotelo, Ardiane Ysabelle M. Dolor, Anne Pauline A. Alpino, Jefferson Earl J. Halog, Othoniel Jan T. Onza, Ma. Angelica A. Tujan, Amalea Dulcene D. Nicolasora, Joy Mariette L. Parayray, Criselda T. Bautista, Vina Lea F. Arguelles, Alexander Sadiasa, Catalino S. Demetria, Lei Lanna M. Dancel, Mayan Uy-Lumandas, Timothy John R. Dizon, Kirstyn Brunker, Yao-Tsun Li, Simon Daldry, Joseph Hughes","ncov2019-artic-nf, artic 1.2.1, minimap2 2.17, nanopolish 0.13.2",129.246,94.53,PH-RITM-1080|BA.2|0.0|0.9591968911917098|Omicron (BA.2-like)|0.876900|0.000000|PLEARN-v1.2.127|3.1.20|2022-02-28|v1.2.127|passed_qc|scorpio call: Alt alleles 57; Ref alleles 0; Amb alleles 8; Oth alleles 0,"PH-RITM-1080|21L (Omicron)|16.598080|good|60|53|0|0|45|12|0|1400|0|5|C241T,T670G,C3037T,G4184A,C4321T,C8991T,C9344T,A9424G,C9534T,C9866T,C10029T,C10198T,G10447A,C10449A,C12880T,C14408T,C15714T,C17410T,A18163G,G21987A,T22200G,G22578A,C22674T,T22679C,C22686T,A22688G,G22775A,G22992A,C22995A,A23013C,A23040G,A23055G,A23063T,T23075C,A23403G,C23525T,T23599G,C23604A,C23854A,G23948T,A24424T,T24469A,C25000T,C25584T,C25810T,C26060T,C26270T,G26709A,C26858T,A27259C,G27382C,A27383T,T27384C,C27807T,A28271T,C28311T,G28881A,G28882A,G28883C,A29510C|11288-11296,21633-21641,28362-28370,29734-29759|nan|nan|nan|C8991T,C25810T|0|0|2|2|nan|E:T9I,M:A63T,N:P13L,N:R203K,N:G204R,N:S413R,ORF1a:S135R,ORF1a:G1307S,ORF1a:A2909V,ORF1a:L3027F,ORF1a:T3090I,ORF1a:L3201F,ORF1a:T3255I,ORF1a:P3395H,ORF1b:P314L,ORF1b:R1315C,ORF1b:I1566V,ORF3a:L140F,ORF3a:T223I,ORF6:D61L,ORF9b:P10S,S:A27S,S:G142D,S:V213G,S:G339D,S:S371F,S:S373P,S:S375F,S:T376A,S:D405N,S:S477N,S:T478K,S:E484A,S:Q493R,S:Q498R,S:N501Y,S:Y505H,S:D614G,S:H655Y,S:N679K,S:P681H,S:N764K,S:D796Y,S:Q954H,S:N969K|N:E31-,N:R32-,N:S33-,ORF1a:S3675-,ORF1a:G3676-,ORF1a:F3677-,ORF9b:E27-,ORF9b:N28-,ORF9b:A29-,S:L24-,S:P25-,S:P26-|nan|1-50,2229-2850,19878-20117,21618,22786-22974,26577,26957-27177,29828-29903|nan|Charité_E_F:C26270T,ChinaCDC_N_F:G28881A;G28882A;G28883C,USCDC_N1_P:C28311T|89282|0|29903|3000.000000|40.740741|mediocre|1400|10.000000|0.000000|good|0|24.000000|-6.000000|0.000000|good|2.000000|nan|0.000000|good|0|nan|0|nan|0|0.000000|good|nan|0|0.000000|good|nan"
1081,analysis,1,ritm,COV22-607039GC,"Francisco Gerardo M. Polotan, Gerald Ivan S. Sotelo, Ardiane Ysabelle M. Dolor, Anne Pauline A. Alpino, Jefferson Earl J. Halog, Othoniel Jan T. Onza, Ma. Angelica A. Tujan, Amalea Dulcene D. Nicolasora, Joy Mariette L. Parayray, Criselda T. Bautista, Vina Lea F. Arguelles, Alexander Sadiasa, Catalino S. Demetria, Lei Lanna M. Dancel, Mayan Uy-Lumandas, Timothy John R. Dizon, Kirstyn Brunker, Yao-Tsun Li, Simon Daldry, Joseph Hughes","ncov2019-artic-nf, artic 1.2.1, minimap2 2.17, nanopolish 0.13.2",5.69,5.45,PH-RITM-1081|None|nan|nan|nan|nan|nan|PANGO-v1.2.127|3.1.20|2022-02-28|v1.2.127|fail|N_content:0.95,"PH-RITM-1081|21L (Omicron)|10922.572346|bad|7|9|0|0|6|6|0|28518|0|4|C9534T,T22200G,A28271T,C28311T,G28881A,G28882A,G28883C|28362-28370|nan|nan|nan|nan|0|0|0|0|nan|N:P13L,N:R203K,N:G204R,ORF1a:T3090I,ORF9b:P10S,S:V213G|N:E31-,N:R32-,N:S33-,ORF9b:E27-,ORF9b:N28-,ORF9b:A29-|nan|1-9497,9843-22113,22475-28214,28894-29903|nan|ChinaCDC_N_F:G28881A;G28882A;G28883C,USCDC_N1_P:C28311T|89647|0|29903|3000.000000|1045.111111|bad|28518|10.000000|0.000000|good|0|24.000000|-8.000000|0.000000|good|0.000000|nan|0.000000|good|0|nan|0|nan|0|0.000000|good|nan|0|0.000000|good|nan"
1082,analysis,1,ritm,COV22-607040GC,"Francisco Gerardo M. Polotan, Gerald Ivan S. Sotelo, Ardiane Ysabelle M. Dolor, Anne Pauline A. Alpino, Jefferson Earl J. Halog, Othoniel Jan T. Onza, Ma. Angelica A. Tujan, Amalea Dulcene D. Nicolasora, Joy Mariette L. Parayray, Criselda T. Bautista, Vina Lea F. Arguelles, Alexander Sadiasa, Catalino S. Demetria, Lei Lanna M. Dancel, Mayan Uy-Lumandas, Timothy John R. Dizon, Kirstyn Brunker, Yao-Tsun Li, Simon Daldry, Joseph Hughes","ncov2019-artic-nf, artic 1.2.1, minimap2 2.17, nanopolish 0.13.2",262.479,98.56,PH-RITM-1082|BA.2|0.0|0.9943679599499374|Omicron (BA.2-like)|1.000000|0.000000|PLEARN-v1.2.127|3.1.20|2022-02-28|v1.2.127|passed_qc|scorpio call: Alt alleles 65; Ref alleles 0; Amb alleles 0; Oth alleles 0,"PH-RITM-1082|21L (Omicron)|0.103827|good|70|53|0|0|53|12|0|387|0|5|C241T,T670G,C2790T,C3037T,G4184A,C4321T,C8991T,C9344T,A9424G,C9534T,C9866T,C10029T,C10198T,G10447A,C10449A,C12880T,C14408T,C15714T,C17410T,C18060T,A18163G,C19955T,A20055G,C21618T,G21987A,T22200G,G22578A,C22674T,T22679C,C22686T,A22688G,G22775A,A22786C,G22813T,T22882G,G22992A,C22995A,A23013C,A23040G,A23055G,A23063T,T23075C,A23403G,C23525T,T23599G,C23604A,C23854A,G23948T,A24424T,T24469A,C25000T,G25534A,C25584T,C25810T,C26060T,C26270T,C26577G,G26709A,C26858T,A27259C,G27382C,A27383T,T27384C,C27807T,A28271T,C28311T,G28881A,G28882A,G28883C,A29510C|11288-11296,21633-21641,28362-28370,29734-29759|nan|nan|nan|C8991T,C18060T,G25534A,C25810T|0|0|4|4|nan|E:T9I,M:Q19E,M:A63T,N:P13L,N:R203K,N:G204R,N:S413R,ORF1a:S135R,ORF1a:T842I,ORF1a:G1307S,ORF1a:A2909V,ORF1a:L3027F,ORF1a:T3090I,ORF1a:L3201F,ORF1a:T3255I,ORF1a:P3395H,ORF1b:P314L,ORF1b:R1315C,ORF1b:I1566V,ORF1b:T2163I,ORF3a:V48I,ORF3a:L140F,ORF3a:T223I,ORF6:D61L,ORF9b:P10S,S:T19I,S:A27S,S:G142D,S:V213G,S:G339D,S:S371F,S:S373P,S:S375F,S:T376A,S:D405N,S:R408S,S:K417N,S:N440K,S:S477N,S:T478K,S:E484A,S:Q493R,S:Q498R,S:N501Y,S:Y505H,S:D614G,S:H655Y,S:N679K,S:P681H,S:N764K,S:D796Y,S:Q954H,S:N969K|N:E31-,N:R32-,N:S33-,ORF1a:S3675-,ORF1a:G3676-,ORF1a:F3677-,ORF9b:E27-,ORF9b:N28-,ORF9b:A29-,S:L24-,S:P25-,S:P26-|nan|1-50,4388-4648,29828-29903|nan|Charité_E_F:C26270T,ChinaCDC_N_F:G28881A;G28882A;G28883C,USCDC_N1_P:C28311T|89242|0|29903|3000.000000|3.222222|good|387|10.000000|0.000000|good|0|24.000000|-4.000000|0.000000|good|4.000000|nan|0.000000|good|0|nan|0|nan|0|0.000000|good|nan|0|0.000000|good|nan"
1083,analysis,1,ritm,COV22-607041GC,"Francisco Gerardo M. Polotan, Gerald Ivan S. Sotelo, Ardiane Ysabelle M. Dolor, Anne Pauline A. Alpino, Jefferson Earl J. Halog, Othoniel Jan T. Onza, Ma. Angelica A. Tujan, Amalea Dulcene D. Nicolasora, Joy Mariette L. Parayray, Criselda T. Bautista, Vina Lea F. Arguelles, Alexander Sadiasa, Catalino S. Demetria, Lei Lanna M. Dancel, Mayan Uy-Lumandas, Timothy John R. Dizon, Kirstyn Brunker, Yao-Tsun Li, Simon Daldry, Joseph Hughes","ncov2019-artic-nf, artic 1.2.1, minimap2 2.17, nanopolish 0.13.2",0.152527,0,PH-RITM-1083|None|nan|nan|nan|nan|nan|PANGO-v1.2.127|3.1.20|2022-02-28|v1.2.127|fail|N_content:1.0,PH-RITM-1083|nan|nan|nan|nan|nan|nan|nan|nan|nan|nan|nan|nan|nan|nan|nan|nan|nan|nan|nan|nan|nan|nan|nan|nan|nan|nan|nan|nan|nan|nan|nan|nan|nan|nan|nan|nan|nan|nan|nan|nan|nan|nan|nan|nan|nan|nan|nan|nan|nan|nan|nan|nan|nan|nan|nan|nan|nan|nan|nan|nan|Unable to align: no seed matches
1084,analysis,1,ritm,COV22-607042GC,"Francisco Gerardo M. Polotan, Gerald Ivan S. Sotelo, Ardiane Ysabelle M. Dolor, Anne Pauline A. Alpino, Jefferson Earl J. Halog, Othoniel Jan T. Onza, Ma. Angelica A. Tujan, Amalea Dulcene D. Nicolasora, Joy Mariette L. Parayray, Criselda T. Bautista, Vina Lea F. Arguelles, Alexander Sadiasa, Catalino S. Demetria, Lei Lanna M. Dancel, Mayan Uy-Lumandas, Timothy John R. Dizon, Kirstyn Brunker, Yao-Tsun Li, Simon Daldry, Joseph Hughes","ncov2019-artic-nf, artic 1.2.1, minimap2 2.17, nanopolish 0.13.2",144.669,96.33,PH-RITM-1084|BA.2|0.0|0.9762157570609471|Omicron (BA.2-like)|0.953800|0.000000|PLEARN-v1.2.127|3.1.20|2022-02-28|v1.2.127|passed_qc|scorpio call: Alt alleles 62; Ref alleles 0; Amb alleles 3; Oth alleles 0,"PH-RITM-1084|21L (Omicron)|4.441166|good|65|53|0|0|49|12|0|869|0|5|C92T,C241T,T670G,C2790T,C3037T,G4184A,C4321T,C9344T,A9424G,C9534T,C9866T,C10029T,C10198T,G10447A,C10449A,C12880T,C14408T,C15714T,C17410T,A18163G,G21987A,T22200G,G22578A,C22674T,T22679C,C22686T,A22688G,G22775A,A22786C,G22813T,T22882G,G22992A,C22995A,A23013C,A23040G,A23055G,A23063T,T23075C,A23403G,C23525T,T23599G,C23604A,C23854A,G23948T,A24424T,T24469A,C25000T,C25584T,C25810T,C26060T,C26270T,C26577G,G26709A,C26858T,A27259C,G27382C,A27383T,T27384C,C27807T,A28271T,C28311T,G28881A,G28882A,G28883C,A29510C|11288-11296,21633-21641,28362-28370,29734-29759|nan|nan|nan|C92T,C25810T|0|0|2|2|nan|E:T9I,M:Q19E,M:A63T,N:P13L,N:R203K,N:G204R,N:S413R,ORF1a:S135R,ORF1a:T842I,ORF1a:G1307S,ORF1a:L3027F,ORF1a:T3090I,ORF1a:L3201F,ORF1a:T3255I,ORF1a:P3395H,ORF1b:P314L,ORF1b:R1315C,ORF1b:I1566V,ORF3a:L140F,ORF3a:T223I,ORF6:D61L,ORF9b:P10S,S:A27S,S:G142D,S:V213G,S:G339D,S:S371F,S:S373P,S:S375F,S:T376A,S:D405N,S:R408S,S:K417N,S:N440K,S:S477N,S:T478K,S:E484A,S:Q493R,S:Q498R,S:N501Y,S:Y505H,S:D614G,S:H655Y,S:N679K,S:P681H,S:N764K,S:D796Y,S:Q954H,S:N969K|N:E31-,N:R32-,N:S33-,ORF1a:S3675-,ORF1a:G3676-,ORF1a:F3677-,ORF9b:E27-,ORF9b:N28-,ORF9b:A29-,S:L24-,S:P25-,S:P26-|nan|1-50,2229-2508,8991,19878-20117,21618,26957-27177,29828-29903|nan|Charité_E_F:C26270T,ChinaCDC_N_F:G28881A;G28882A;G28883C,USCDC_N1_P:C28311T|89262|0|29903|3000.000000|21.074074|good|869|10.000000|0.000000|good|0|24.000000|-6.000000|0.000000|good|2.000000|nan|0.000000|good|0|nan|0|nan|0|0.000000|good|nan|0|0.000000|good|nan"
1085,analysis,1,ritm,COV22-607050GC,"Francisco Gerardo M. Polotan, Gerald Ivan S. Sotelo, Ardiane Ysabelle M. Dolor, Anne Pauline A. Alpino, Jefferson Earl J. Halog, Othoniel Jan T. Onza, Ma. Angelica A. Tujan, Amalea Dulcene D. Nicolasora, Joy Mariette L. Parayray, Criselda T. Bautista, Vina Lea F. Arguelles, Alexander Sadiasa, Catalino S. Demetria, Lei Lanna M. Dancel, Mayan Uy-Lumandas, Timothy John R. Dizon, Kirstyn Brunker, Yao-Tsun Li, Simon Daldry, Joseph Hughes","ncov2019-artic-nf, artic 1.2.1, minimap2 2.17, nanopolish 0.13.2",231.659,96.93,PH-RITM-1085|BA.2|0.0|0.9807610993657505|Omicron (BA.2-like)|0.984600|0.000000|PLEARN-v1.2.127|3.1.20|2022-02-28|v1.2.127|passed_qc|scorpio call: Alt alleles 64; Ref alleles 0; Amb alleles 1; Oth alleles 0,"PH-RITM-1085|21L (Omicron)|4.551111|good|70|53|0|0|51|12|0|876|0|5|C241T,T670G,C2790T,C3037T,G4184A,C4321T,C8991T,C9344T,A9424G,C9534T,C9866T,C10029T,C10198T,G10447A,C10449A,C12880T,C14408T,C15714T,C17410T,A18163G,C18576T,C19955T,A20055G,G21987A,T22200G,G22578A,C22674T,T22679C,C22686T,A22688G,G22775A,A22786C,G22813T,T22882G,G22992A,C22995A,A23013C,A23040G,A23055G,A23063T,T23075C,A23403G,C23525T,T23599G,C23604A,C23854A,G23948T,A24424T,T24469A,C25000T,C25584T,A25697G,C26060T,C26270T,C26577G,G26709A,C26858T,C26873T,A27259C,G27382C,A27383T,T27384C,C27807T,T28229C,A28271T,C28311T,G28881A,G28882A,G28883C,A29510C|11288-11296,21633-21641,28362-28370,29734-29759|nan|nan|nan|C8991T,C18576T,A25697G,C26873T,T28229C|0|0|5|5|nan|E:T9I,M:Q19E,M:A63T,N:P13L,N:R203K,N:G204R,N:S413R,ORF1a:S135R,ORF1a:T842I,ORF1a:G1307S,ORF1a:A2909V,ORF1a:L3027F,ORF1a:T3090I,ORF1a:L3201F,ORF1a:T3255I,ORF1a:P3395H,ORF1b:P314L,ORF1b:R1315C,ORF1b:I1566V,ORF1b:T2163I,ORF3a:E102G,ORF3a:T223I,ORF6:D61L,ORF9b:P10S,S:A27S,S:G142D,S:V213G,S:G339D,S:S371F,S:S373P,S:S375F,S:T376A,S:D405N,S:R408S,S:K417N,S:N440K,S:S477N,S:T478K,S:E484A,S:Q493R,S:Q498R,S:N501Y,S:Y505H,S:D614G,S:H655Y,S:N679K,S:P681H,S:N764K,S:D796Y,S:Q954H,S:N969K|N:E31-,N:R32-,N:S33-,ORF1a:S3675-,ORF1a:G3676-,ORF1a:F3677-,ORF9b:E27-,ORF9b:N28-,ORF9b:A29-,S:L24-,S:P25-,S:P26-|nan|1-50,4388-4648,18625-18891,21618,26957-27177,29828-29903|nan|Charité_E_F:C26270T,ChinaCDC_N_F:G28881A;G28882A;G28883C,USCDC_N1_P:C28311T|89242|0|29903|3000.000000|21.333333|good|876|10.000000|0.000000|good|0|24.000000|-3.000000|0.000000|good|5.000000|nan|0.000000|good|0|nan|0|nan|0|0.000000|good|nan|0|0.000000|good|nan"
1086,analysis,1,ritm,COV22-607051GC,"Francisco Gerardo M. Polotan, Gerald Ivan S. Sotelo, Ardiane Ysabelle M. Dolor, Anne Pauline A. Alpino, Jefferson Earl J. Halog, Othoniel Jan T. Onza, Ma. Angelica A. Tujan, Amalea Dulcene D. Nicolasora, Joy Mariette L. Parayray, Criselda T. Bautista, Vina Lea F. Arguelles, Alexander Sadiasa, Catalino S. Demetria, Lei Lanna M. Dancel, Mayan Uy-Lumandas, Timothy John R. Dizon, Kirstyn Brunker, Yao-Tsun Li, Simon Daldry, Joseph Hughes","ncov2019-artic-nf, artic 1.2.1, minimap2 2.17, nanopolish 0.13.2",128.841,94,PH-RITM-1086|BA.2|0.0|0.9508161044613711|Omicron (BA.2-like)|0.861500|0.000000|PLEARN-v1.2.127|3.1.20|2022-02-28|v1.2.127|passed_qc|scorpio call: Alt alleles 56; Ref alleles 0; Amb alleles 9; Oth alleles 0,"PH-RITM-1086|21L (Omicron)|29.682318|good|60|53|0|0|45|12|0|1771|0|5|C241T,T670G,C3037T,G4184A,C4321T,C8991T,C9344T,A9424G,C9534T,C9866T,C10029T,C10198T,G10447A,C10449A,C12880T,C14408T,C15714T,C17410T,A18163G,G21987A,T22200G,G22775A,A22786C,G22813T,T22882G,G22992A,C22995A,A23013C,A23040G,A23055G,A23063T,T23075C,A23403G,C23525T,T23599G,C23604A,C23854A,G23948T,T24371A,A24424T,T24469A,C25000T,C25584T,C25810T,C26060T,C26270T,C26577G,G26709A,C26858T,A27259C,G27382C,A27383T,T27384C,C27807T,A28271T,C28311T,G28881A,G28882A,G28883C,A29510C|11288-11296,21633-21641,28362-28370,29734-29759|nan|nan|nan|C8991T,T24371A,C25810T|0|0|3|3|nan|E:T9I,M:Q19E,M:A63T,N:P13L,N:R203K,N:G204R,N:S413R,ORF1a:S135R,ORF1a:G1307S,ORF1a:A2909V,ORF1a:L3027F,ORF1a:T3090I,ORF1a:L3201F,ORF1a:T3255I,ORF1a:P3395H,ORF1b:P314L,ORF1b:R1315C,ORF1b:I1566V,ORF3a:L140F,ORF3a:T223I,ORF6:D61L,ORF9b:P10S,S:A27S,S:G142D,S:V213G,S:D405N,S:R408S,S:K417N,S:N440K,S:S477N,S:T478K,S:E484A,S:Q493R,S:Q498R,S:N501Y,S:Y505H,S:D614G,S:H655Y,S:N679K,S:P681H,S:N764K,S:D796Y,S:S937T,S:Q954H,S:N969K|N:E31-,N:R32-,N:S33-,ORF1a:S3675-,ORF1a:G3676-,ORF1a:F3677-,ORF9b:E27-,ORF9b:N28-,ORF9b:A29-,S:L24-,S:P25-,S:P26-|nan|1-50,2229-2850,4388-4648,19878-20117,21618,22475-22774,26957-27177,29828-29903|nan|Charité_E_F:C26270T,ChinaCDC_N_F:G28881A;G28882A;G28883C,USCDC_N1_P:C28311T|89282|0|29903|3000.000000|54.481481|mediocre|1771|10.000000|0.000000|good|0|24.000000|-5.000000|0.000000|good|3.000000|nan|0.000000|good|0|nan|0|nan|0|0.000000|good|nan|0|0.000000|good|nan"
1087,analysis,1,ritm,COV22-607052GC,"Francisco Gerardo M. Polotan, Gerald Ivan S. Sotelo, Ardiane Ysabelle M. Dolor, Anne Pauline A. Alpino, Jefferson Earl J. Halog, Othoniel Jan T. Onza, Ma. Angelica A. Tujan, Amalea Dulcene D. Nicolasora, Joy Mariette L. Parayray, Criselda T. Bautista, Vina Lea F. Arguelles, Alexander Sadiasa, Catalino S. Demetria, Lei Lanna M. Dancel, Mayan Uy-Lumandas, Timothy John R. Dizon, Kirstyn Brunker, Yao-Tsun Li, Simon Daldry, Joseph Hughes","ncov2019-artic-nf, artic 1.2.1, minimap2 2.17, nanopolish 0.13.2",81.6683,86.99,PH-RITM-1087|BA.2|0.0|0.8803994426381793|Omicron (BA.2-like)|0.815400|0.000000|PLEARN-v1.2.127|3.1.20|2022-02-28|v1.2.127|passed_qc|scorpio call: Alt alleles 53; Ref alleles 0; Amb alleles 12; Oth alleles 0,"PH-RITM-1087|21L (Omicron)|162.704198|bad|54|53|0|0|40|12|0|3744|0|5|T670G,C3037T,G4184A,C4321T,C9344T,A9424G,C9534T,C9866T,C10029T,C10198T,G10447A,C10449A,C12880T,C14408T,C15714T,C17410T,A18163G,C21618T,G21987A,T22200G,G22992A,C22995A,A23013C,A23040G,A23055G,A23063T,T23075C,A23403G,C23525T,T23599G,C23604A,C23854A,G23948T,A24424T,T24469A,C25000T,C25584T,C25810T,C26060T,C26270T,C26577G,G26709A,C26858T,A27259C,G27382C,A27383T,T27384C,C27807T,A28271T,C28311T,G28881A,G28882A,G28883C,A29510C|11288-11296,21633-21641,28362-28370,29734-29759|nan|nan|nan|C25810T|0|0|1|1|nan|E:T9I,M:Q19E,M:A63T,N:P13L,N:R203K,N:G204R,N:S413R,ORF1a:S135R,ORF1a:G1307S,ORF1a:L3027F,ORF1a:T3090I,ORF1a:L3201F,ORF1a:T3255I,ORF1a:P3395H,ORF1b:P314L,ORF1b:R1315C,ORF1b:I1566V,ORF3a:L140F,ORF3a:T223I,ORF6:D61L,ORF9b:P10S,S:T19I,S:A27S,S:G142D,S:V213G,S:S477N,S:T478K,S:E484A,S:Q493R,S:Q498R,S:N501Y,S:Y505H,S:D614G,S:H655Y,S:N679K,S:P681H,S:N764K,S:D796Y,S:Q954H,S:N969K|N:E31-,N:R32-,N:S33-,ORF1a:S3675-,ORF1a:G3676-,ORF1a:F3677-,ORF9b:E27-,ORF9b:N28-,ORF9b:A29-,S:L24-,S:P25-,S:P26-|nan|1-344,2229-2850,6248-6507,8692-8944,8991,14718-14983,15337-15557,17689-17940,19253-19513,19878-20117,20473-20699,22475-22974,26957-27177,29828-29903|nan|Charité_E_F:C26270T,ChinaCDC_N_F:G28881A;G28882A;G28883C,USCDC_N1_P:C28311T|89306|0|29903|3000.000000|127.555556|bad|3744|10.000000|0.000000|good|0|24.000000|-7.000000|0.000000|good|1.000000|nan|0.000000|good|0|nan|0|nan|0|0.000000|good|nan|0|0.000000|good|nan"
1088,analysis,1,ritm,COV22-607053GC,"Francisco Gerardo M. Polotan, Gerald Ivan S. Sotelo, Ardiane Ysabelle M. Dolor, Anne Pauline A. Alpino, Jefferson Earl J. Halog, Othoniel Jan T. Onza, Ma. Angelica A. Tujan, Amalea Dulcene D. Nicolasora, Joy Mariette L. Parayray, Criselda T. Bautista, Vina Lea F. Arguelles, Alexander Sadiasa, Catalino S. Demetria, Lei Lanna M. Dancel, Mayan Uy-Lumandas, Timothy John R. Dizon, Kirstyn Brunker, Yao-Tsun Li, Simon Daldry, Joseph Hughes","ncov2019-artic-nf, artic 1.2.1, minimap2 2.17, nanopolish 0.13.2",178.203,97.76,PH-RITM-1088|BA.2|0.0|0.984197218710493|Omicron (BA.2-like)|1.000000|0.000000|PLEARN-v1.2.127|3.1.20|2022-02-28|v1.2.127|passed_qc|scorpio call: Alt alleles 65; Ref alleles 0; Amb alleles 0; Oth alleles 0,"PH-RITM-1088|21L (Omicron)|1.466790|good|72|53|0|0|54|12|0|627|0|5|C241T,T670G,G1379A,C2790T,C3037T,C3619T,G4184A,C4321T,C8991T,C9344T,A9424G,C9534T,C9866T,C10029T,C10198T,G10447A,C10449A,C12880T,C14408T,C15714T,T16689A,C17410T,A18163G,C19955T,A20055G,C21618T,T21765C,G21987A,T22200G,G22578A,C22674T,T22679C,C22686T,A22688G,G22775A,A22786C,G22813T,T22882G,G22992A,C22995A,A23013C,A23040G,A23055G,A23063T,T23075C,A23403G,C23525T,T23599G,C23604A,C23854A,G23948T,A24424T,T24469A,C25000T,C25584T,C25810T,C26060T,C26270T,C26577G,G26709A,C26858T,A27259C,G27382C,A27383T,T27384C,C27807T,A28271T,C28311T,G28881A,G28882A,G28883C,A29510C|11288-11296,21633-21641,28362-28370,29734-29759|nan|nan|nan|G1379A,C3619T,C8991T,T16689A,T21765C,C25810T|0|0|6|6|nan|E:T9I,M:Q19E,M:A63T,N:P13L,N:R203K,N:G204R,N:S413R,ORF1a:S135R,ORF1a:A372T,ORF1a:T842I,ORF1a:G1307S,ORF1a:A2909V,ORF1a:L3027F,ORF1a:T3090I,ORF1a:L3201F,ORF1a:T3255I,ORF1a:P3395H,ORF1b:P314L,ORF1b:R1315C,ORF1b:I1566V,ORF1b:T2163I,ORF3a:L140F,ORF3a:T223I,ORF6:D61L,ORF9b:P10S,S:T19I,S:A27S,S:I68T,S:G142D,S:V213G,S:G339D,S:S371F,S:S373P,S:S375F,S:T376A,S:D405N,S:R408S,S:K417N,S:N440K,S:S477N,S:T478K,S:E484A,S:Q493R,S:Q498R,S:N501Y,S:Y505H,S:D614G,S:H655Y,S:N679K,S:P681H,S:N764K,S:D796Y,S:Q954H,S:N969K|N:E31-,N:R32-,N:S33-,ORF1a:S3675-,ORF1a:G3676-,ORF1a:F3677-,ORF9b:E27-,ORF9b:N28-,ORF9b:A29-,S:L24-,S:P25-,S:P26-|nan|1-50,2229-2508,26957-27177,29828-29903|nan|Charité_E_F:C26270T,ChinaCDC_N_F:G28881A;G28882A;G28883C,USCDC_N1_P:C28311T|89234|0|29903|3000.000000|12.111111|good|627|10.000000|0.000000|good|0|24.000000|-2.000000|0.000000|good|6.000000|nan|0.000000|good|0|nan|0|nan|0|0.000000|good|nan|0|0.000000|good|nan"
1089,analysis,1,ritm,COV22-607054GC,"Francisco Gerardo M. Polotan, Gerald Ivan S. Sotelo, Ardiane Ysabelle M. Dolor, Anne Pauline A. Alpino, Jefferson Earl J. Halog, Othoniel Jan T. Onza, Ma. Angelica A. Tujan, Amalea Dulcene D. Nicolasora, Joy Mariette L. Parayray, Criselda T. Bautista, Vina Lea F. Arguelles, Alexander Sadiasa, Catalino S. Demetria, Lei Lanna M. Dancel, Mayan Uy-Lumandas, Timothy John R. Dizon, Kirstyn Brunker, Yao-Tsun Li, Simon Daldry, Joseph Hughes","ncov2019-artic-nf, artic 1.2.1, minimap2 2.17, nanopolish 0.13.2",21.493,39.38,PH-RITM-1089|None|nan|nan|nan|nan|nan|PANGO-v1.2.127|3.1.20|2022-02-28|v1.2.127|fail|N_content:0.62,"PH-RITM-1089|21L (Omicron)|4612.925158|bad|22|9|0|0|18|6|0|18638|0|5|T670G,C8991T,C9534T,C12880T,C15714T,C17410T,T22200G,A23403G,C23525T,T23599G,C23604A,C23854A,C26060T,C26270T,G26709A,C26858T,A28271T,C28311T,G28881A,G28882A,G28883C,A29510C|28362-28370|nan|nan|nan|C8991T|0|0|1|1|nan|E:T9I,M:A63T,N:P13L,N:R203K,N:G204R,N:S413R,ORF1a:S135R,ORF1a:A2909V,ORF1a:T3090I,ORF1b:R1315C,ORF3a:T223I,ORF9b:P10S,S:V213G,S:D614G,S:H655Y,S:N679K,S:P681H,S:N764K|N:E31-,N:R32-,N:S33-,ORF9b:E27-,ORF9b:N28-,ORF9b:A29-|nan|1-666,1338-1562,1926-5584,6248-6776,7123-8019,8692-8944,9307-9497,9843-10742,11093-11651,12012-12255,13507-15557,16484-16714,17083-17345,17689-18267,18937-22113,22475-23246,23915-25076,25439-25979,26339-26621,26957-28021,29513-29903|nan|Charité_E_F:C26270T,ChinaCDC_N_F:G28881A;G28882A;G28883C,USCDC_N1_P:C28311T|89587|0|29903|3000.000000|679.185185|bad|18638|10.000000|0.000000|good|0|24.000000|-7.000000|0.000000|good|1.000000|nan|0.000000|good|0|nan|0|nan|0|0.000000|good|nan|0|0.000000|good|nan"
1090,analysis,1,ritm,COV22-607055GC,"Francisco Gerardo M. Polotan, Gerald Ivan S. Sotelo, Ardiane Ysabelle M. Dolor, Anne Pauline A. Alpino, Jefferson Earl J. Halog, Othoniel Jan T. Onza, Ma. Angelica A. Tujan, Amalea Dulcene D. Nicolasora, Joy Mariette L. Parayray, Criselda T. Bautista, Vina Lea F. Arguelles, Alexander Sadiasa, Catalino S. Demetria, Lei Lanna M. Dancel, Mayan Uy-Lumandas, Timothy John R. Dizon, Kirstyn Brunker, Yao-Tsun Li, Simon Daldry, Joseph Hughes","ncov2019-artic-nf, artic 1.2.1, minimap2 2.17, nanopolish 0.13.2",236.693,99.41,PH-RITM-1090|BA.2|0.0|1.0|Omicron (BA.2-like)|1.000000|0.000000|PLEARN-v1.2.127|3.1.20|2022-02-28|v1.2.127|passed_qc|scorpio call: Alt alleles 65; Ref alleles 0; Amb alleles 0; Oth alleles 0,"PH-RITM-1090|21L (Omicron)|0.000000|good|69|53|0|0|53|12|0|126|0|5|C241T,C560T,T670G,C2790T,C3037T,G4184A,C4321T,C8991T,C9344T,A9424G,C9534T,C9866T,C10029T,C10198T,G10447A,C10449A,C12880T,C14408T,C15714T,C17410T,A18163G,C19955T,A20055G,C21618T,G21987A,T22200G,G22578A,C22674T,T22679C,C22686T,A22688G,G22775A,A22786C,G22813T,T22882G,G22992A,C22995A,A23013C,A23040G,A23055G,A23063T,T23075C,A23403G,C23525T,T23599G,C23604A,C23854A,G23948T,A24424T,T24469A,C25000T,C25584T,C25810T,C26060T,C26270T,C26577G,G26709A,C26858T,A27259C,G27382C,A27383T,T27384C,C27807T,A28271T,C28311T,G28881A,G28882A,G28883C,A29510C|11288-11296,21633-21641,28362-28370,29734-29759|nan|nan|nan|C560T,C8991T,C25810T|0|0|3|3|nan|E:T9I,M:Q19E,M:A63T,N:P13L,N:R203K,N:G204R,N:S413R,ORF1a:R99C,ORF1a:S135R,ORF1a:T842I,ORF1a:G1307S,ORF1a:A2909V,ORF1a:L3027F,ORF1a:T3090I,ORF1a:L3201F,ORF1a:T3255I,ORF1a:P3395H,ORF1b:P314L,ORF1b:R1315C,ORF1b:I1566V,ORF1b:T2163I,ORF3a:L140F,ORF3a:T223I,ORF6:D61L,ORF9b:P10S,S:T19I,S:A27S,S:G142D,S:V213G,S:G339D,S:S371F,S:S373P,S:S375F,S:T376A,S:D405N,S:R408S,S:K417N,S:N440K,S:S477N,S:T478K,S:E484A,S:Q493R,S:Q498R,S:N501Y,S:Y505H,S:D614G,S:H655Y,S:N679K,S:P681H,S:N764K,S:D796Y,S:Q954H,S:N969K|N:E31-,N:R32-,N:S33-,ORF1a:S3675-,ORF1a:G3676-,ORF1a:F3677-,ORF9b:E27-,ORF9b:N28-,ORF9b:A29-,S:L24-,S:P25-,S:P26-|nan|1-50,29828-29903|nan|Charité_E_F:C26270T,ChinaCDC_N_F:G28881A;G28882A;G28883C,USCDC_N1_P:C28311T|89246|0|29903|3000.000000|0.000000|good|126|10.000000|0.000000|good|0|24.000000|-5.000000|0.000000|good|3.000000|nan|0.000000|good|0|nan|0|nan|0|0.000000|good|nan|0|0.000000|good|nan"
1091,analysis,1,ritm,COV22-607137GC,"Francisco Gerardo M. Polotan, Gerald Ivan S. Sotelo, Ardiane Ysabelle M. Dolor, Anne Pauline A. Alpino, Jefferson Earl J. Halog, Othoniel Jan T. Onza, Ma. Angelica A. Tujan, Amalea Dulcene D. Nicolasora, Joy Mariette L. Parayray, Criselda T. Bautista, Vina Lea F. Arguelles, Alexander Sadiasa, Catalino S. Demetria, Lei Lanna M. Dancel, Mayan Uy-Lumandas, Timothy John R. Dizon, Kirstyn Brunker, Yao-Tsun Li, Simon Daldry, Joseph Hughes","ncov2019-artic-nf, artic 1.2.1, minimap2 2.17, nanopolish 0.13.2",98.9364,87.46,PH-RITM-1091|BA.2|0.0|0.8369119420989144|Omicron (BA.2-like)|0.800000|0.000000|PLEARN-v1.2.127|3.1.20|2022-02-28|v1.2.127|passed_qc|scorpio call: Alt alleles 52; Ref alleles 0; Amb alleles 13; Oth alleles 0,"PH-RITM-1091|21L (Omicron)|155.140864|bad|55|53|0|0|41|12|0|3663|0|5|T670G,C2790T,C3037T,G4184A,C4321T,C8991T,C9344T,A9424G,C9430T,C9534T,C9866T,C10029T,C10198T,G10447A,C10449A,C12880T,C14408T,C15714T,C17410T,C21618T,G21987A,T22200G,G22992A,C22995A,A23013C,A23040G,A23055G,A23063T,T23075C,A23403G,C23525T,T23599G,C23604A,C23854A,G23948T,A24424T,T24469A,C25000T,C25584T,C25810T,C26060T,C26270T,C26577G,G26709A,C26858T,A27259C,G27382C,A27383T,T27384C,A28271T,C28311T,G28881A,G28882A,G28883C,A29510C|11288-11296,21633-21641,28362-28370,29734-29759|nan|nan|nan|C8991T,C9430T,C25810T|0|0|3|3|nan|E:T9I,M:Q19E,M:A63T,N:P13L,N:R203K,N:G204R,N:S413R,ORF1a:S135R,ORF1a:T842I,ORF1a:G1307S,ORF1a:A2909V,ORF1a:L3027F,ORF1a:T3090I,ORF1a:L3201F,ORF1a:T3255I,ORF1a:P3395H,ORF1b:P314L,ORF1b:R1315C,ORF3a:L140F,ORF3a:T223I,ORF6:D61L,ORF9b:P10S,S:T19I,S:A27S,S:G142D,S:V213G,S:S477N,S:T478K,S:E484A,S:Q493R,S:Q498R,S:N501Y,S:Y505H,S:D614G,S:H655Y,S:N679K,S:P681H,S:N764K,S:D796Y,S:Q954H,S:N969K|N:E31-,N:R32-,N:S33-,ORF1a:S3675-,ORF1a:G3676-,ORF1a:F3677-,ORF9b:E27-,ORF9b:N28-,ORF9b:A29-,S:L24-,S:P25-,S:P26-|nan|1-344,2229-2508,4388-4648,5303-5584,6248-6507,8692-8944,14718-14983,15337-15557,16255-16256,17998-18267,19878-20117,22578,22674,22679,22686,22688,22775,22781-22974,26957-27177,27535-28021,29828-29903|nan|Charité_E_F:C26270T,ChinaCDC_N_F:G28881A;G28882A;G28883C,USCDC_N1_P:C28311T|89302|0|29903|3000.000000|124.555556|bad|3663|10.000000|0.000000|good|0|24.000000|-5.000000|0.000000|good|3.000000|nan|0.000000|good|0|nan|0|nan|0|0.000000|good|nan|0|0.000000|good|nan"
1092,analysis,1,ritm,COV22-607138GC,"Francisco Gerardo M. Polotan, Gerald Ivan S. Sotelo, Ardiane Ysabelle M. Dolor, Anne Pauline A. Alpino, Jefferson Earl J. Halog, Othoniel Jan T. Onza, Ma. Angelica A. Tujan, Amalea Dulcene D. Nicolasora, Joy Mariette L. Parayray, Criselda T. Bautista, Vina Lea F. Arguelles, Alexander Sadiasa, Catalino S. Demetria, Lei Lanna M. Dancel, Mayan Uy-Lumandas, Timothy John R. Dizon, Kirstyn Brunker, Yao-Tsun Li, Simon Daldry, Joseph Hughes","ncov2019-artic-nf, artic 1.2.1, minimap2 2.17, nanopolish 0.13.2",54.6955,73.78,PH-RITM-1092|BA.2|0.0|0.6585976627712855|Omicron (BA.2-like)|0.738500|0.000000|PLEARN-v1.2.127|3.1.20|2022-02-28|v1.2.127|passed_qc|scorpio call: Alt alleles 48; Ref alleles 0; Amb alleles 17; Oth alleles 0,"PH-RITM-1092|21L (Omicron)|788.569602|bad|49|53|0|0|37|12|0|7882|0|5|T670G,C3037T,G4184A,C4321T,C9534T,C9866T,C10029T,C10198T,G10447A,C10449A,C12880T,C14408T,C15714T,C17410T,C21618T,G21987A,T22200G,G22992A,C22995A,A23013C,A23040G,A23055G,A23063T,T23075C,A23403G,C23525T,T23599G,C23604A,C23854A,G23948T,A24424T,T24469A,C25000T,C25584T,C25810T,C26060T,C26270T,G26709A,C26858T,A27259C,G27382C,A27383T,T27384C,A28271T,C28311T,G28881A,G28882A,G28883C,A29510C|11288-11296,21633-21641,28362-28370,29734-29759|nan|nan|nan|C25810T|0|0|1|1|nan|E:T9I,M:A63T,N:P13L,N:R203K,N:G204R,N:S413R,ORF1a:S135R,ORF1a:G1307S,ORF1a:T3090I,ORF1a:L3201F,ORF1a:T3255I,ORF1a:P3395H,ORF1b:P314L,ORF1b:R1315C,ORF3a:L140F,ORF3a:T223I,ORF6:D61L,ORF9b:P10S,S:T19I,S:A27S,S:G142D,S:V213G,S:S477N,S:T478K,S:E484A,S:Q493R,S:Q498R,S:N501Y,S:Y505H,S:D614G,S:H655Y,S:N679K,S:P681H,S:N764K,S:D796Y,S:Q954H,S:N969K|N:E31-,N:R32-,N:S33-,ORF1a:S3675-,ORF1a:G3676-,ORF1a:F3677-,ORF9b:E27-,ORF9b:N28-,ORF9b:A29-,S:L24-,S:P25-,S:P26-|nan|1-344,1338-1562,1926-2850,4388-4953,5303-5584,6248-6776,7441-7695,8692-8944,8991,9307-9497,14429-14983,15337-15557,17689-18267,19209-19513,19878-20117,20473-21316,22475-22974,26339-26621,26957-27177,27535-28021,29828-29903|nan|Charité_E_F:C26270T,ChinaCDC_N_F:G28881A;G28882A;G28883C,USCDC_N1_P:C28311T|89326|0|29903|3000.000000|280.814815|bad|7882|10.000000|0.000000|good|0|24.000000|-7.000000|0.000000|good|1.000000|nan|0.000000|good|0|nan|0|nan|0|0.000000|good|nan|0|0.000000|good|nan"
1093,analysis,1,ritm,COV22-607139GC,"Francisco Gerardo M. Polotan, Gerald Ivan S. Sotelo, Ardiane Ysabelle M. Dolor, Anne Pauline A. Alpino, Jefferson Earl J. Halog, Othoniel Jan T. Onza, Ma. Angelica A. Tujan, Amalea Dulcene D. Nicolasora, Joy Mariette L. Parayray, Criselda T. Bautista, Vina Lea F. Arguelles, Alexander Sadiasa, Catalino S. Demetria, Lei Lanna M. Dancel, Mayan Uy-Lumandas, Timothy John R. Dizon, Kirstyn Brunker, Yao-Tsun Li, Simon Daldry, Joseph Hughes","ncov2019-artic-nf, artic 1.2.1, minimap2 2.17, nanopolish 0.13.2",167.689,94.68,PH-RITM-1093|BA.2|0.0|0.9558154645873944|Omicron (BA.2-like)|0.876900|0.000000|PLEARN-v1.2.127|3.1.20|2022-02-28|v1.2.127|passed_qc|scorpio call: Alt alleles 57; Ref alleles 0; Amb alleles 8; Oth alleles 0,"PH-RITM-1093|21L (Omicron)|21.160000|good|63|53|0|0|46|12|0|1542|0|5|C241T,C635T,T670G,C3037T,C3737T,G4184A,C4321T,C9344T,A9424G,C9534T,C9866T,C10029T,C10198T,G10447A,C10449A,T10771C,C12880T,C14408T,C15714T,C17410T,A18163G,C18657T,C21618T,G21987A,T22200G,G22775A,A22786C,G22813T,T22882G,G22992A,C22995A,A23013C,A23040G,A23055G,A23063T,T23075C,A23403G,C23525T,T23599G,C23604A,C23854A,G23948T,A24424T,T24469A,C25000T,C25584T,C25810T,C26060T,C26270T,C26577G,G26709A,C26858T,A27259C,G27382C,A27383T,T27384C,C27807T,A28271T,C28311T,G28881A,G28882A,G28883C,A29510C|11288-11296,21633-21641,28362-28370,29734-29759|nan|nan|nan|C635T,C3737T,T10771C,C18657T,C25810T|0|0|5|5|nan|E:T9I,M:Q19E,M:A63T,N:P13L,N:R203K,N:G204R,N:S413R,ORF1a:R124C,ORF1a:S135R,ORF1a:P1158S,ORF1a:G1307S,ORF1a:L3027F,ORF1a:T3090I,ORF1a:L3201F,ORF1a:T3255I,ORF1a:P3395H,ORF1b:P314L,ORF1b:R1315C,ORF1b:I1566V,ORF3a:L140F,ORF3a:T223I,ORF6:D61L,ORF9b:P10S,S:T19I,S:A27S,S:G142D,S:V213G,S:D405N,S:R408S,S:K417N,S:N440K,S:S477N,S:T478K,S:E484A,S:Q493R,S:Q498R,S:N501Y,S:Y505H,S:D614G,S:H655Y,S:N679K,S:P681H,S:N764K,S:D796Y,S:Q954H,S:N969K|N:E31-,N:R32-,N:S33-,ORF1a:S3675-,ORF1a:G3676-,ORF1a:F3677-,ORF9b:E27-,ORF9b:N28-,ORF9b:A29-,S:L24-,S:P25-,S:P26-|nan|1-50,2229-2850,8991,14718-14748,19484,19878-20117,22475-22774,26957-27177,29828-29903|nan|Charité_E_F:C26270T,ChinaCDC_N_F:G28881A;G28882A;G28883C,USCDC_N1_P:C28311T|89270|0|29903|3000.000000|46.000000|mediocre|1542|10.000000|0.000000|good|0|24.000000|-3.000000|0.000000|good|5.000000|nan|0.000000|good|0|nan|0|nan|0|0.000000|good|nan|0|0.000000|good|nan"
1094,analysis,1,ritm,COV22-607140GC,"Francisco Gerardo M. Polotan, Gerald Ivan S. Sotelo, Ardiane Ysabelle M. Dolor, Anne Pauline A. Alpino, Jefferson Earl J. Halog, Othoniel Jan T. Onza, Ma. Angelica A. Tujan, Amalea Dulcene D. Nicolasora, Joy Mariette L. Parayray, Criselda T. Bautista, Vina Lea F. Arguelles, Alexander Sadiasa, Catalino S. Demetria, Lei Lanna M. Dancel, Mayan Uy-Lumandas, Timothy John R. Dizon, Kirstyn Brunker, Yao-Tsun Li, Simon Daldry, Joseph Hughes","ncov2019-artic-nf, artic 1.2.1, minimap2 2.17, nanopolish 0.13.2",61.7019,78.71,PH-RITM-1094|BA.2|0.0|0.7558709677419355|Omicron (BA.2-like)|0.723100|0.000000|PLEARN-v1.2.127|3.1.20|2022-02-28|v1.2.127|passed_qc|scorpio call: Alt alleles 47; Ref alleles 0; Amb alleles 18; Oth alleles 0,"PH-RITM-1094|21L (Omicron)|507.751111|bad|49|53|0|0|36|12|0|6384|0|5|T670G,C3037T,G4184A,C4321T,C8991T,C9534T,C10198T,G10447A,C10449A,C12880T,C14408T,C15714T,C17410T,C21618T,G21987A,T22200G,G22992A,C22995A,A23013C,A23040G,A23055G,A23063T,T23075C,A23403G,C23525T,T23599G,C23604A,C23854A,G23948T,A24424T,T24469A,C25000T,C25584T,C25810T,C26060T,C26270T,G26709A,C26858T,A27259C,G27382C,A27383T,T27384C,C27807T,A28271T,C28311T,G28881A,G28882A,G28883C,A29510C|11288-11296,21633-21641,28362-28370,29734-29759|nan|nan|nan|C8991T,C25810T|0|0|2|2|nan|E:T9I,M:A63T,N:P13L,N:R203K,N:G204R,N:S413R,ORF1a:S135R,ORF1a:G1307S,ORF1a:A2909V,ORF1a:T3090I,ORF1a:P3395H,ORF1b:P314L,ORF1b:R1315C,ORF3a:L140F,ORF3a:T223I,ORF6:D61L,ORF9b:P10S,S:T19I,S:A27S,S:G142D,S:V213G,S:S477N,S:T478K,S:E484A,S:Q493R,S:Q498R,S:N501Y,S:Y505H,S:D614G,S:H655Y,S:N679K,S:P681H,S:N764K,S:D796Y,S:Q954H,S:N969K|N:E31-,N:R32-,N:S33-,ORF1a:S3675-,ORF1a:G3676-,ORF1a:F3677-,ORF9b:E27-,ORF9b:N28-,ORF9b:A29-,S:L24-,S:P25-,S:P26-|nan|1-344,2229-2850,4388-4648,5303-5584,6248-6776,8692-8944,9307-9497,9843-10099,14718-14983,15337-15557,17083-17345,17689-18267,19253-19513,19878-20117,20473-21013,22475-22974,23964-23965,26339-26621,26957-27177,27535-27726,29828-29903|nan|Charité_E_F:C26270T,ChinaCDC_N_F:G28881A;G28882A;G28883C,USCDC_N1_P:C28311T|89326|0|29903|3000.000000|225.333333|bad|6384|10.000000|0.000000|good|0|24.000000|-6.000000|0.000000|good|2.000000|nan|0.000000|good|0|nan|0|nan|0|0.000000|good|nan|0|0.000000|good|nan"
1095,analysis,1,ritm,COV22-607141GC,"Francisco Gerardo M. Polotan, Gerald Ivan S. Sotelo, Ardiane Ysabelle M. Dolor, Anne Pauline A. Alpino, Jefferson Earl J. Halog, Othoniel Jan T. Onza, Ma. Angelica A. Tujan, Amalea Dulcene D. Nicolasora, Joy Mariette L. Parayray, Criselda T. Bautista, Vina Lea F. Arguelles, Alexander Sadiasa, Catalino S. Demetria, Lei Lanna M. Dancel, Mayan Uy-Lumandas, Timothy John R. Dizon, Kirstyn Brunker, Yao-Tsun Li, Simon Daldry, Joseph Hughes","ncov2019-artic-nf, artic 1.2.1, minimap2 2.17, nanopolish 0.13.2",90.357,84.61,PH-RITM-1095|BA.2|0.0|0.8295702840495266|Omicron (BA.2-like)|0.784600|0.000000|PLEARN-v1.2.127|3.1.20|2022-02-28|v1.2.127|passed_qc|scorpio call: Alt alleles 51; Ref alleles 0; Amb alleles 14; Oth alleles 0,"PH-RITM-1095|21L (Omicron)|242.551783|bad|52|53|0|0|39|12|0|4505|0|5|T670G,C3037T,G4184A,C4321T,C9344T,C9534T,C9866T,C10029T,C10198T,G10447A,C10449A,C12880T,C14408T,C15714T,C17410T,C21618T,G21987A,T22200G,G22992A,C22995A,A23013C,A23040G,A23055G,A23063T,T23075C,A23403G,C23525T,T23599G,C23604A,C23854A,G23948T,A24424T,T24469A,C25000T,C25584T,C25810T,C26060T,C26270T,C26577G,G26709A,C26858T,A27259C,G27382C,A27383T,T27384C,C27807T,A28271T,C28311T,G28881A,G28882A,G28883C,A29510C|11288-11296,21633-21641,28362-28370,29734-29759|nan|nan|nan|C25810T|0|0|1|1|nan|E:T9I,M:Q19E,M:A63T,N:P13L,N:R203K,N:G204R,N:S413R,ORF1a:S135R,ORF1a:G1307S,ORF1a:L3027F,ORF1a:T3090I,ORF1a:L3201F,ORF1a:T3255I,ORF1a:P3395H,ORF1b:P314L,ORF1b:R1315C,ORF3a:L140F,ORF3a:T223I,ORF6:D61L,ORF9b:P10S,S:T19I,S:A27S,S:G142D,S:V213G,S:S477N,S:T478K,S:E484A,S:Q493R,S:Q498R,S:N501Y,S:Y505H,S:D614G,S:H655Y,S:N679K,S:P681H,S:N764K,S:D796Y,S:Q954H,S:N969K|N:E31-,N:R32-,N:S33-,ORF1a:S3675-,ORF1a:G3676-,ORF1a:F3677-,ORF9b:E27-,ORF9b:N28-,ORF9b:A29-,S:L24-,S:P25-,S:P26-|nan|1-344,2229-2850,5303-5584,6248-6507,8692-8944,8991,9424,14718-14983,15337-15557,16255-16256,17998-18267,19253-19513,19878-20117,20473-20699,21051-21316,22475-22974,26957-27177,27535-27726,29828-29903|nan|Charité_E_F:C26270T,ChinaCDC_N_F:G28881A;G28882A;G28883C,USCDC_N1_P:C28311T|89314|0|29903|3000.000000|155.740741|bad|4505|10.000000|0.000000|good|0|24.000000|-7.000000|0.000000|good|1.000000|nan|0.000000|good|0|nan|0|nan|0|0.000000|good|nan|0|0.000000|good|nan"
1096,analysis,1,ritm,COV22-607142GC,"Francisco Gerardo M. Polotan, Gerald Ivan S. Sotelo, Ardiane Ysabelle M. Dolor, Anne Pauline A. Alpino, Jefferson Earl J. Halog, Othoniel Jan T. Onza, Ma. Angelica A. Tujan, Amalea Dulcene D. Nicolasora, Joy Mariette L. Parayray, Criselda T. Bautista, Vina Lea F. Arguelles, Alexander Sadiasa, Catalino S. Demetria, Lei Lanna M. Dancel, Mayan Uy-Lumandas, Timothy John R. Dizon, Kirstyn Brunker, Yao-Tsun Li, Simon Daldry, Joseph Hughes","ncov2019-artic-nf, artic 1.2.1, minimap2 2.17, nanopolish 0.13.2",207.005,98.67,PH-RITM-1096|BA.2|0.0|0.994577685088634|Omicron (BA.2-like)|1.000000|0.000000|PLEARN-v1.2.127|3.1.20|2022-02-28|v1.2.127|passed_qc|scorpio call: Alt alleles 65; Ref alleles 0; Amb alleles 0; Oth alleles 0,"PH-RITM-1096|21L (Omicron)|0.030302|good|69|62|0|0|52|15|0|347|0|5|C241T,T670G,C2790T,C3037T,G4184A,C4321T,C8991T,C9344T,A9424G,C9534T,C9866T,C10029T,C10198T,G10447A,C10449A,C12880T,C14408T,C15714T,C17410T,A18163G,C19955T,A20055G,C21618T,G21987A,T22200G,G22578A,C22674T,T22679C,C22686T,A22688G,G22775A,A22786C,G22813T,T22882G,G22992A,C22995A,A23013C,A23040G,A23055G,A23063T,T23075C,A23403G,C23525T,T23599G,C23604A,C23854A,G23948T,A24424T,T24469A,C25000T,C25584T,C25810T,C26060T,C26270T,C26577G,G26709A,C26858T,A27259C,G27382C,A27383T,T27384C,C27807T,A28271T,C28311T,G28881A,G28882A,G28883C,A29510C,G29688T|686-694,11288-11296,21633-21641,28362-28370,29734-29759|nan|nan|nan|C8991T,C25810T,G29688T|0|0|3|3|nan|E:T9I,M:Q19E,M:A63T,N:P13L,N:R203K,N:G204R,N:S413R,ORF1a:S135R,ORF1a:T842I,ORF1a:G1307S,ORF1a:A2909V,ORF1a:L3027F,ORF1a:T3090I,ORF1a:L3201F,ORF1a:T3255I,ORF1a:P3395H,ORF1b:P314L,ORF1b:R1315C,ORF1b:I1566V,ORF1b:T2163I,ORF3a:L140F,ORF3a:T223I,ORF6:D61L,ORF9b:P10S,S:T19I,S:A27S,S:G142D,S:V213G,S:G339D,S:S371F,S:S373P,S:S375F,S:T376A,S:D405N,S:R408S,S:K417N,S:N440K,S:S477N,S:T478K,S:E484A,S:Q493R,S:Q498R,S:N501Y,S:Y505H,S:D614G,S:H655Y,S:N679K,S:P681H,S:N764K,S:D796Y,S:Q954H,S:N969K|N:E31-,N:R32-,N:S33-,ORF1a:K141-,ORF1a:S142-,ORF1a:F143-,ORF1a:S3675-,ORF1a:G3676-,ORF1a:F3677-,ORF9b:E27-,ORF9b:N28-,ORF9b:A29-,S:L24-,S:P25-,S:P26-|nan|1-50,26957-27177,29828-29903|nan|Charité_E_F:C26270T,ChinaCDC_N_F:G28881A;G28882A;G28883C,USCDC_N1_P:C28311T|89212|0|29903|3000.000000|1.740741|good|347|10.000000|0.000000|good|0|24.000000|-4.000000|0.000000|good|4.000000|nan|0.000000|good|0|nan|0|nan|0|0.000000|good|nan|0|0.000000|good|nan"
1097,analysis,1,ritm,COV22-607143GC,"Francisco Gerardo M. Polotan, Gerald Ivan S. Sotelo, Ardiane Ysabelle M. Dolor, Anne Pauline A. Alpino, Jefferson Earl J. Halog, Othoniel Jan T. Onza, Ma. Angelica A. Tujan, Amalea Dulcene D. Nicolasora, Joy Mariette L. Parayray, Criselda T. Bautista, Vina Lea F. Arguelles, Alexander Sadiasa, Catalino S. Demetria, Lei Lanna M. Dancel, Mayan Uy-Lumandas, Timothy John R. Dizon, Kirstyn Brunker, Yao-Tsun Li, Simon Daldry, Joseph Hughes","ncov2019-artic-nf, artic 1.2.1, minimap2 2.17, nanopolish 0.13.2",196.576,96.42,PH-RITM-1097|BA.2|0.0|0.9731629392971246|Omicron (BA.2-like)|0.984600|0.000000|PLEARN-v1.2.127|3.1.20|2022-02-28|v1.2.127|passed_qc|scorpio call: Alt alleles 64; Ref alleles 0; Amb alleles 1; Oth alleles 0,"PH-RITM-1097|21L (Omicron)|6.361605|good|68|53|0|0|52|12|0|981|0|5|C241T,T670G,C3037T,G4184A,C4321T,C9207A,C9344T,A9424G,C9534T,C9866T,C10029T,C10198T,G10447A,C10449A,C12880T,C14408T,C15714T,C17410T,A18163G,C19955T,A20055G,C21618T,G21987A,G22017T,T22200G,G22578A,C22674T,T22679C,C22686T,A22688G,G22775A,A22786C,G22813T,T22882G,G22992A,C22995A,A23013C,A23040G,A23055G,A23063T,T23075C,A23403G,C23525T,T23599G,C23604A,C23854A,G23948T,A24424T,T24469A,C25000T,C25584T,C25810T,C26060T,C26270T,C26577G,G26709A,C26858T,A27259C,G27382C,A27383T,T27384C,C27807T,A28271T,C28311T,G28881A,G28882A,G28883C,A29510C|11288-11296,21633-21641,28362-28370,29734-29759|nan|nan|nan|C9207A,G22017T,C25810T|0|0|3|3|nan|E:T9I,M:Q19E,M:A63T,N:P13L,N:R203K,N:G204R,N:S413R,ORF1a:S135R,ORF1a:G1307S,ORF1a:S2981Y,ORF1a:L3027F,ORF1a:T3090I,ORF1a:L3201F,ORF1a:T3255I,ORF1a:P3395H,ORF1b:P314L,ORF1b:R1315C,ORF1b:I1566V,ORF1b:T2163I,ORF3a:L140F,ORF3a:T223I,ORF6:D61L,ORF9b:P10S,S:T19I,S:A27S,S:G142D,S:W152L,S:V213G,S:G339D,S:S371F,S:S373P,S:S375F,S:T376A,S:D405N,S:R408S,S:K417N,S:N440K,S:S477N,S:T478K,S:E484A,S:Q493R,S:Q498R,S:N501Y,S:Y505H,S:D614G,S:H655Y,S:N679K,S:P681H,S:N764K,S:D796Y,S:Q954H,S:N969K|N:E31-,N:R32-,N:S33-,ORF1a:S3675-,ORF1a:G3676-,ORF1a:F3677-,ORF9b:E27-,ORF9b:N28-,ORF9b:A29-,S:L24-,S:P25-,S:P26-|nan|1-50,2229-2850,8991,22764-22774,26957-27177,29828-29903|nan|Charité_E_F:C26270T,ChinaCDC_N_F:G28881A;G28882A;G28883C,USCDC_N1_P:C28311T|89250|0|29903|3000.000000|25.222222|good|981|10.000000|0.000000|good|0|24.000000|-5.000000|0.000000|good|3.000000|nan|0.000000|good|0|nan|0|nan|0|0.000000|good|nan|0|0.000000|good|nan"
1098,analysis,1,ritm,COV22-607144GC,"Francisco Gerardo M. Polotan, Gerald Ivan S. Sotelo, Ardiane Ysabelle M. Dolor, Anne Pauline A. Alpino, Jefferson Earl J. Halog, Othoniel Jan T. Onza, Ma. Angelica A. Tujan, Amalea Dulcene D. Nicolasora, Joy Mariette L. Parayray, Criselda T. Bautista, Vina Lea F. Arguelles, Alexander Sadiasa, Catalino S. Demetria, Lei Lanna M. Dancel, Mayan Uy-Lumandas, Timothy John R. Dizon, Kirstyn Brunker, Yao-Tsun Li, Simon Daldry, Joseph Hughes","ncov2019-artic-nf, artic 1.2.1, minimap2 2.17, nanopolish 0.13.2",0.0698592,0,PH-RITM-1098|None|nan|nan|nan|nan|nan|PANGO-v1.2.127|3.1.20|2022-02-28|v1.2.127|fail|N_content:1.0,PH-RITM-1098|nan|nan|nan|nan|nan|nan|nan|nan|nan|nan|nan|nan|nan|nan|nan|nan|nan|nan|nan|nan|nan|nan|nan|nan|nan|nan|nan|nan|nan|nan|nan|nan|nan|nan|nan|nan|nan|nan|nan|nan|nan|nan|nan|nan|nan|nan|nan|nan|nan|nan|nan|nan|nan|nan|nan|nan|nan|nan|nan|nan|Unable to align: no seed matches
1099,analysis,1,ritm,COV22-607145GC,"Francisco Gerardo M. Polotan, Gerald Ivan S. Sotelo, Ardiane Ysabelle M. Dolor, Anne Pauline A. Alpino, Jefferson Earl J. Halog, Othoniel Jan T. Onza, Ma. Angelica A. Tujan, Amalea Dulcene D. Nicolasora, Joy Mariette L. Parayray, Criselda T. Bautista, Vina Lea F. Arguelles, Alexander Sadiasa, Catalino S. Demetria, Lei Lanna M. Dancel, Mayan Uy-Lumandas, Timothy John R. Dizon, Kirstyn Brunker, Yao-Tsun Li, Simon Daldry, Joseph Hughes","ncov2019-artic-nf, artic 1.2.1, minimap2 2.17, nanopolish 0.13.2",172.752,97.89,PH-RITM-1099|BA.2|0.0|0.986972052952301|Omicron (BA.2-like)|0.969200|0.000000|PLEARN-v1.2.127|3.1.20|2022-02-28|v1.2.127|passed_qc|scorpio call: Alt alleles 63; Ref alleles 0; Amb alleles 2; Oth alleles 0,"PH-RITM-1099|21L (Omicron)|1.129890|good|68|53|0|0|53|12|0|587|0|5|C241T,T670G,C2790T,C3037T,G4184A,C4321T,G5210A,C8991T,C9344T,A9424G,C9534T,C9866T,C10029T,C10198T,G10447A,C10449A,C12880T,C14408T,C15714T,C17410T,A18163G,C21618T,G21987A,T22200G,G22578A,C22674T,T22679C,C22686T,A22688G,G22775A,A22786C,G22813T,T22882G,G22992A,C22995A,A23013C,A23040G,A23055G,A23063T,T23075C,A23403G,C23525T,T23599G,C23604A,C23854A,G23948T,A24424T,T24469A,C25000T,C25433T,C25584T,C25810T,C26060T,C26270T,C26577G,G26709A,C26858T,A27259C,G27382C,A27383T,T27384C,C27807T,A28271T,C28311T,G28881A,G28882A,G28883C,A29510C|11288-11296,21633-21641,28362-28370,29734-29759|nan|nan|nan|G5210A,C8991T,C25433T,C25810T|0|0|4|4|nan|E:T9I,M:Q19E,M:A63T,N:P13L,N:R203K,N:G204R,N:S413R,ORF1a:S135R,ORF1a:T842I,ORF1a:G1307S,ORF1a:A1649T,ORF1a:A2909V,ORF1a:L3027F,ORF1a:T3090I,ORF1a:L3201F,ORF1a:T3255I,ORF1a:P3395H,ORF1b:P314L,ORF1b:R1315C,ORF1b:I1566V,ORF3a:T14I,ORF3a:L140F,ORF3a:T223I,ORF6:D61L,ORF9b:P10S,S:T19I,S:A27S,S:G142D,S:V213G,S:G339D,S:S371F,S:S373P,S:S375F,S:T376A,S:D405N,S:R408S,S:K417N,S:N440K,S:S477N,S:T478K,S:E484A,S:Q493R,S:Q498R,S:N501Y,S:Y505H,S:D614G,S:H655Y,S:N679K,S:P681H,S:N764K,S:D796Y,S:Q954H,S:N969K|N:E31-,N:R32-,N:S33-,ORF1a:S3675-,ORF1a:G3676-,ORF1a:F3677-,ORF9b:E27-,ORF9b:N28-,ORF9b:A29-,S:L24-,S:P25-,S:P26-|nan|1-50,19878-20117,26957-27177,29828-29903|nan|Charité_E_F:C26270T,ChinaCDC_N_F:G28881A;G28882A;G28883C,USCDC_N1_P:C28311T|89250|0|29903|3000.000000|10.629630|good|587|10.000000|0.000000|good|0|24.000000|-4.000000|0.000000|good|4.000000|nan|0.000000|good|0|nan|0|nan|0|0.000000|good|nan|0|0.000000|good|nan"
1100,analysis,1,ritm,COV22-607146GC,"Francisco Gerardo M. Polotan, Gerald Ivan S. Sotelo, Ardiane Ysabelle M. Dolor, Anne Pauline A. Alpino, Jefferson Earl J. Halog, Othoniel Jan T. Onza, Ma. Angelica A. Tujan, Amalea Dulcene D. Nicolasora, Joy Mariette L. Parayray, Criselda T. Bautista, Vina Lea F. Arguelles, Alexander Sadiasa, Catalino S. Demetria, Lei Lanna M. Dancel, Mayan Uy-Lumandas, Timothy John R. Dizon, Kirstyn Brunker, Yao-Tsun Li, Simon Daldry, Joseph Hughes","ncov2019-artic-nf, artic 1.2.1, minimap2 2.17, nanopolish 0.13.2",243.762,99.42,PH-RITM-1100|BA.2|0.0|0.999792531120332|Omicron (BA.2-like)|0.984600|0.000000|PLEARN-v1.2.127|3.1.20|2022-02-28|v1.2.127|passed_qc|scorpio call: Alt alleles 64; Ref alleles 0; Amb alleles 1; Oth alleles 0,"PH-RITM-1100|21L (Omicron)|0.000000|good|67|53|0|0|52|12|0|128|0|5|C241T,T670G,C2790T,C3037T,G4184A,C4321T,C9344T,C9534T,C9866T,C10029T,C10198T,G10447A,C10449A,C12880T,C14408T,C15714T,C17410T,A18163G,C19955T,A20055G,C21618T,G21987A,T22200G,G22578A,C22674T,T22679C,C22686T,A22688G,G22775A,A22786C,G22813T,T22882G,G22992A,C22995A,A23013C,A23040G,A23055G,A23063T,T23075C,A23403G,C23525T,T23599G,C23604A,C23854A,G23948T,A24424T,T24469A,C25000T,C25584T,C25810T,C26060T,C26270T,C26577G,G26709A,C26858T,A27259C,G27382C,A27383T,T27384C,C27807T,A28271T,C28311T,G28881A,G28882A,G28883C,G29041T,A29510C|11288-11296,21633-21641,28362-28370,29734-29759|nan|nan|nan|C25810T,G29041T|0|0|2|2|nan|E:T9I,M:Q19E,M:A63T,N:P13L,N:R203K,N:G204R,N:K256N,N:S413R,ORF1a:S135R,ORF1a:T842I,ORF1a:G1307S,ORF1a:L3027F,ORF1a:T3090I,ORF1a:L3201F,ORF1a:T3255I,ORF1a:P3395H,ORF1b:P314L,ORF1b:R1315C,ORF1b:I1566V,ORF1b:T2163I,ORF3a:L140F,ORF3a:T223I,ORF6:D61L,ORF9b:P10S,S:T19I,S:A27S,S:G142D,S:V213G,S:G339D,S:S371F,S:S373P,S:S375F,S:T376A,S:D405N,S:R408S,S:K417N,S:N440K,S:S477N,S:T478K,S:E484A,S:Q493R,S:Q498R,S:N501Y,S:Y505H,S:D614G,S:H655Y,S:N679K,S:P681H,S:N764K,S:D796Y,S:Q954H,S:N969K|N:E31-,N:R32-,N:S33-,ORF1a:S3675-,ORF1a:G3676-,ORF1a:F3677-,ORF9b:E27-,ORF9b:N28-,ORF9b:A29-,S:L24-,S:P25-,S:P26-|nan|1-50,8991,9424,29828-29903|nan|Charité_E_F:C26270T,ChinaCDC_N_F:G28881A;G28882A;G28883C,USCDC_N1_P:C28311T|89254|0|29903|3000.000000|0.000000|good|128|10.000000|0.000000|good|0|24.000000|-6.000000|0.000000|good|2.000000|nan|0.000000|good|0|nan|0|nan|0|0.000000|good|nan|0|0.000000|good|nan"
1101,analysis,1,ritm,COV22-607126GC,"Francisco Gerardo M. Polotan, Gerald Ivan S. Sotelo, Ardiane Ysabelle M. Dolor, Anne Pauline A. Alpino, Jefferson Earl J. Halog, Othoniel Jan T. Onza, Ma. Angelica A. Tujan, Amalea Dulcene D. Nicolasora, Joy Mariette L. Parayray, Criselda T. Bautista, Vina Lea F. Arguelles, Alexander Sadiasa, Catalino S. Demetria, Lei Lanna M. Dancel, Mayan Uy-Lumandas, Timothy John R. Dizon, Kirstyn Brunker, Yao-Tsun Li, Simon Daldry, Joseph Hughes","ncov2019-artic-nf, artic 1.2.1, minimap2 2.17, nanopolish 0.13.2",101.811,87.87,PH-RITM-1101|BA.2|0.0|0.8783154955793392|Omicron (BA.2-like)|0.800000|0.000000|PLEARN-v1.2.127|3.1.20|2022-02-28|v1.2.127|passed_qc|scorpio call: Alt alleles 52; Ref alleles 0; Amb alleles 13; Oth alleles 0,"PH-RITM-1101|21L (Omicron)|142.846763|bad|59|53|0|0|42|12|0|3527|0|5|C117T,C241T,T670G,C3037T,G4184A,C4321T,C6990T,C8991T,C9344T,A9424G,C9534T,C9866T,C10029T,C10198T,G10447A,C10449A,C12880T,C14408T,C15714T,C17410T,C21618T,G21987A,T22200G,G22992A,C22995A,A23013C,A23040G,A23055G,A23063T,T23075C,A23403G,C23525T,T23599G,C23604A,C23854A,G23948T,A24424T,T24469A,C25000T,C25584T,C25810T,C26060T,C26270T,C26577G,G26709A,C26858T,A27259C,G27382C,A27383T,T27384C,C27807T,C27945T,A28271T,C28311T,C28807A,G28881A,G28882A,G28883C,A29510C|11288-11296,21633-21641,28362-28370,29734-29759|nan|nan|nan|C117T,C6990T,C8991T,C25810T,C27945T,C28807A|0|0|6|6|nan|E:T9I,M:Q19E,M:A63T,N:P13L,N:R203K,N:G204R,N:S413R,ORF1a:S135R,ORF1a:G1307S,ORF1a:S2242F,ORF1a:A2909V,ORF1a:L3027F,ORF1a:T3090I,ORF1a:L3201F,ORF1a:T3255I,ORF1a:P3395H,ORF1b:P314L,ORF1b:R1315C,ORF3a:L140F,ORF3a:T223I,ORF6:D61L,ORF8:Q18*,ORF9b:P10S,S:T19I,S:A27S,S:G142D,S:V213G,S:S477N,S:T478K,S:E484A,S:Q493R,S:Q498R,S:N501Y,S:Y505H,S:D614G,S:H655Y,S:N679K,S:P681H,S:N764K,S:D796Y,S:Q954H,S:N969K|N:E31-,N:R32-,N:S33-,ORF1a:S3675-,ORF1a:G3676-,ORF1a:F3677-,ORF9b:E27-,ORF9b:N28-,ORF9b:A29-,S:L24-,S:P25-,S:P26-|nan|1-51,2229-2850,5303-5584,6248-6507,8692-8944,14718-14983,15337-15557,17998-18267,19253-19513,19878-20117,22475-22974,23964-23965,24981-24982,26957-27177,29828-29903|nan|Charité_E_F:C26270T,ChinaCDC_N_F:G28881A;G28882A;G28883C,USCDC_N1_P:C28311T|89286|0|29903|3000.000000|119.518519|bad|3527|10.000000|0.000000|good|0|24.000000|-2.000000|0.000000|good|6.000000|nan|0.000000|good|0|nan|0|nan|0|0.000000|good|nan|0|0.000000|good|nan"
1102,analysis,1,ritm,COV22-607125GC,"Francisco Gerardo M. Polotan, Gerald Ivan S. Sotelo, Ardiane Ysabelle M. Dolor, Anne Pauline A. Alpino, Jefferson Earl J. Halog, Othoniel Jan T. Onza, Ma. Angelica A. Tujan, Amalea Dulcene D. Nicolasora, Joy Mariette L. Parayray, Criselda T. Bautista, Vina Lea F. Arguelles, Alexander Sadiasa, Catalino S. Demetria, Lei Lanna M. Dancel, Mayan Uy-Lumandas, Timothy John R. Dizon, Kirstyn Brunker, Yao-Tsun Li, Simon Daldry, Joseph Hughes","ncov2019-artic-nf, artic 1.2.1, minimap2 2.17, nanopolish 0.13.2",29.0905,51.76,PH-RITM-1102|None|nan|nan|nan|nan|nan|PANGO-v1.2.127|3.1.20|2022-02-28|v1.2.127|fail|N_content:0.48,"PH-RITM-1102|21L (Omicron)|2753.139767|bad|35|56|0|0|30|13|0|14467|0|5|T670G,C3037T,C9534T,G10447A,C10449A,C12880T,C15714T,C17410T,C21575T,C21618T,G21987A,T22200G,G22992A,C22995A,A23013C,A23040G,A23055G,A23063T,T23075C,A23403G,C23525T,T23599G,C23604A,G23948T,C26060T,C26270T,G26709A,C26858T,C26895T,A28271T,C28311T,G28881A,G28882A,G28883C,A29510C|11288-11296,21633-21641,21992-21994,28362-28370,29734-29759|nan|nan|C21575T|21F|C26895T|0|1|1|2|nan|E:T9I,M:A63T,M:H125Y,N:P13L,N:R203K,N:G204R,N:S413R,ORF1a:S135R,ORF1a:T3090I,ORF1a:P3395H,ORF1b:R1315C,ORF3a:T223I,ORF9b:P10S,S:L5F,S:T19I,S:A27S,S:G142D,S:V213G,S:S477N,S:T478K,S:E484A,S:Q493R,S:Q498R,S:N501Y,S:Y505H,S:D614G,S:H655Y,S:N679K,S:P681H,S:D796Y|N:E31-,N:R32-,N:S33-,ORF1a:S3675-,ORF1a:G3676-,ORF1a:F3677-,ORF9b:E27-,ORF9b:N28-,ORF9b:A29-,S:L24-,S:P25-,S:P26-,S:Y144-|nan|1-666,1338-1562,1926-2850,3471-3723,4068-5584,6248-6776,7441-8019,8692-8944,8991,9307-9497,9843-10419,12012-12255,12619-12856,13507-13779,14121-14983,15337-15557,16484-16714,17083-17345,17689-18267,18937-20117,20473-21561,22475-22974,23612-23876,24234-25076,25584,25712-25979,26339-26621,26957-28021,28894-29161,29828-29903|nan|Charité_E_F:C26270T,ChinaCDC_N_F:G28881A;G28882A;G28883C,USCDC_N1_P:C28311T|89366|0|29903|3000.000000|524.703704|bad|14467|10.000000|0.000000|good|0|24.000000|-2.000000|0.000000|good|6.000000|nan|0.000000|good|0|nan|0|nan|0|0.000000|good|nan|0|0.000000|good|nan"
